actual_tte,predicted_tte,fold,satellite,orbit,start
2.0,27.721416169795802,7,@GG0407,G,1976-10-07
66.0,18.997532930884017,10,@GG0407,G,1976-10-09
6.0,35.53018253669288,5,@GG0407,G,1976-12-14
45.0,18.952804395347133,7,@GG0407,G,1976-12-20
88.0,20.269295503705834,9,@GG0407,G,1977-02-03
1.0,40.46031084696948,7,@GG0407,G,1978-05-02
98.0,3.743202611663566,5,@GG0407,G,1978-05-03
86.0,20.20077105787306,7,@GG0407,G,1978-08-09
119.0,30.996121970267286,3,@GG0407,G,1978-11-03
45.0,33.1875078623558,8,@GG0407,G,1979-03-02
5.0,19.8180182288018,6,@GG0407,G,1979-04-16
153.0,6.1200599748640485,9,@GG0407,G,1979-04-21
1.0,40.5864221875087,6,@GG0407,G,1981-04-21
133.0,1.6265185090463525,3,@GG0407,G,1981-04-22
237.0,27.241161509070743,6,@GG0407,G,1981-09-02
6.0,26.27487747776909,5,@GG0407,G,1982-04-27
23.0,6.02300162908719,9,@GG0407,G,1982-05-03
2.0,10.81701211201588,6,@GG0407,G,1982-05-26
2.0,7.8535053084066,2,@GG0407,G,1982-05-28
45.0,5.078193344422759,9,@GG0407,G,1982-05-30
53.0,17.776156289710386,3,@GG0407,G,1982-07-14
18.0,22.06771799043414,10,@GG0407,G,1982-09-05
179.0,11.661608047804334,6,@GG0407,G,1982-09-23
41.0,31.196598734907056,3,@GG0407,G,1983-03-21
48.0,21.251168656375146,7,@GG0407,G,1983-05-01
5.0,18.74728654498006,2,@GG0407,G,1983-06-18
148.0,7.05958122008421,5,@GG0407,G,1983-06-23
1.0,8.289257066097626,7,@GG0501,G,1981-05-23
3.0,5.917658488533974,8,@GG0501,G,1981-05-24
4.0,6.85656297314099,1,@GG0501,G,1981-05-27
7.0,6.0428558386242575,4,@GG0501,G,1981-05-31
9.0,14.97152312540652,6,@GG0501,G,1981-06-07
12.0,13.484553281913016,4,@GG0501,G,1981-06-16
12.0,11.51161971073441,7,@GG0501,G,1981-06-28
5.0,11.012472537177526,10,@GG0501,G,1981-07-10
37.0,6.458234495355828,9,@GG0501,G,1981-07-15
8.0,18.778924924483384,9,@GG0501,G,1981-08-21
5.0,6.589056537661952,4,@GG0501,G,1981-08-29
7.0,3.713396856986906,8,@GG0501,G,1981-09-03
6.0,3.291058161273332,4,@GG0501,G,1981-09-10
3.0,3.904852456786637,8,@GG0501,G,1981-09-16
3.0,4.863836600774286,5,@GG0501,G,1981-09-19
2.0,3.9669823621502918,7,@GG0501,G,1981-09-22
22.0,3.708761038856686,1,@GG0501,G,1981-09-24
4.0,21.53175300456517,1,@GG0501,G,1981-10-16
14.0,5.607132395229909,4,@GG0501,G,1981-10-20
37.0,16.89908575614264,9,@GG0501,G,1981-11-03
70.0,25.620368049088988,7,@GG0501,G,1981-12-10
11.0,23.68794521522365,2,@GG0501,G,1982-02-18
23.0,7.4568048032120835,2,@GG0501,G,1982-03-01
25.0,14.299317485256381,9,@GG0501,G,1982-03-24
1.0,13.651142567529654,2,@GG0501,G,1982-04-18
10.0,6.679592436307198,7,@GG0501,G,1982-04-19
60.0,7.6792558986708865,4,@GG0501,G,1982-04-29
58.0,23.23371288690692,6,@GG0501,G,1982-06-28
2.0,16.833810331757046,7,@GG0501,G,1982-08-25
32.0,4.316449191091582,1,@GG0501,G,1982-08-27
2.0,13.281454561585047,8,@GG0501,G,1982-09-28
5.0,3.9623421522476647,5,@GG0501,G,1982-09-30
4.0,7.576781058521608,3,@GG0501,G,1982-10-05
1.0,7.560396303674251,7,@GG0501,G,1982-10-09
9.0,4.919595705546037,9,@GG0501,G,1982-10-10
40.0,6.455268762600065,8,@GG0501,G,1982-10-19
84.0,21.744795568323923,3,@GG0501,G,1982-11-28
1.0,9.184667966827156,10,@GG0501,G,1983-02-20
47.0,6.964561936437022,3,@GG0501,G,1983-02-21
25.0,14.809608968893125,7,@GG0501,G,1983-04-09
38.0,13.05465000758472,2,@GG0501,G,1983-05-04
36.0,17.131915185298514,7,@GG0501,G,1983-06-11
13.0,12.240473159278846,1,@GG0501,G,1983-07-17
14.0,8.8327122690085,2,@GG0501,G,1983-07-30
18.0,8.792006911503215,3,@GG0501,G,1983-08-13
1.0,7.4087362971100035,5,@GG0501,G,1983-08-31
34.0,5.133007313324569,2,@GG0501,G,1983-09-01
11.0,8.6491211935083,7,@GG0501,G,1983-10-05
9.0,7.630831480109668,8,@GG0501,G,1983-10-16
9.0,9.198729777116121,2,@GG0501,G,1983-10-25
45.0,9.291156931456452,7,@GG0501,G,1983-11-03
31.0,13.603150400710714,4,@GG0501,G,1983-12-18
1.0,11.419660638079414,8,@GG0501,G,1984-01-18
1.0,3.9467256558466133,7,@GG0501,G,1984-01-19
45.0,3.6910707231328814,5,@GG0501,G,1984-01-20
6.0,18.214117761925838,7,@GG0501,G,1984-03-05
11.0,4.6457245091628945,4,@GG0501,G,1984-03-11
7.0,7.123549022084308,2,@GG0501,G,1984-03-22
2.0,4.96077627438234,7,@GG0501,G,1984-03-29
1.0,3.5677320486715534,6,@GG0501,G,1984-03-31
11.0,3.681384694900922,3,@GG0501,G,1984-04-01
1.0,6.641281062929982,6,@GG0501,G,1984-04-12
1.0,4.48412180069224,9,@GG0501,G,1984-04-13
1.0,12.035458056861613,8,@GG0502,G,1980-12-06
1.0,1.8822470275077965,4,@GG0502,G,1980-12-07
2.0,1.69485128728709,7,@GG0502,G,1980-12-08
4.0,3.5175841440992617,1,@GG0502,G,1980-12-10
1.0,5.998632429529222,7,@GG0502,G,1980-12-14
1.0,2.7526861859423715,10,@GG0502,G,1980-12-15
2.0,2.884307884336758,2,@GG0502,G,1980-12-16
11.0,4.127614646515042,7,@GG0502,G,1980-12-18
9.0,17.409156802477238,10,@GG0502,G,1980-12-29
13.0,12.425349710088032,3,@GG0502,G,1981-01-07
3.0,15.122928381799174,1,@GG0502,G,1981-01-20
32.0,8.158593830313233,5,@GG0502,G,1981-01-23
27.0,22.554519514993256,7,@GG0502,G,1981-02-24
3.0,17.447673266215894,10,@GG0502,G,1981-03-23
3.0,4.754889388300313,8,@GG0502,G,1981-03-26
18.0,4.655655175302815,3,@GG0502,G,1981-03-29
11.0,14.117805314761151,7,@GG0502,G,1981-04-16
8.0,8.388568392489747,5,@GG0502,G,1981-04-27
25.0,8.314207578043055,8,@GG0502,G,1981-05-05
62.0,15.89436416171545,2,@GG0502,G,1981-05-30
20.0,22.55718550726695,7,@GG0502,G,1981-07-31
6.0,12.162543964647767,1,@GG0502,G,1981-08-20
10.0,5.806663157307902,6,@GG0502,G,1981-08-26
12.0,6.952393895241109,6,@GG0502,G,1981-09-05
5.0,9.051251328135766,9,@GG0502,G,1981-09-17
12.0,5.008934111336698,3,@GG0502,G,1981-09-22
41.0,14.569726046094946,9,@GG0502,G,1981-10-04
14.0,23.788215709262822,7,@GG0502,G,1981-11-14
1.0,12.373814436047288,3,@GG0502,G,1981-11-28
6.0,2.077790325114762,9,@GG0502,G,1981-11-29
14.0,8.379534682688917,3,@GG0502,G,1981-12-05
27.0,17.214121441578087,3,@GG0502,G,1981-12-19
9.0,10.405506980025732,10,@GG0502,G,1982-01-15
125.0,6.703351046044039,4,@GG0502,G,1982-01-24
3.0,13.205701651078051,2,@GG0502,G,1982-05-29
49.0,4.132859673397546,7,@GG0502,G,1982-06-01
5.0,19.910080553746564,6,@GG0502,G,1982-07-20
22.0,6.711421483215599,9,@GG0502,G,1982-07-25
4.0,5.9701762563035174,2,@GG0502,G,1982-08-16
2.0,4.09014841213731,6,@GG0502,G,1982-08-20
17.0,4.612500651379911,10,@GG0502,G,1982-08-22
2.0,10.676154268497953,6,@GG0502,G,1982-09-08
26.0,4.939476266012516,7,@GG0502,G,1982-09-10
30.0,13.883077796624406,8,@GG0502,G,1982-10-06
4.0,15.022884678057425,1,@GG0502,G,1982-11-05
99.0,5.164997042681778,2,@GG0502,G,1982-11-09
50.0,7.20500998523263,5,@GG0502,G,1983-02-16
21.0,12.635893210540958,7,@GG0502,G,1983-04-07
27.0,11.891671919177334,6,@GG0502,G,1983-04-28
10.0,13.629279769566901,6,@GG0502,G,1983-05-25
68.0,9.533604532369377,6,@GG0502,G,1983-06-04
1.0,17.763015185786276,5,@GG0502,G,1983-08-11
3.0,6.661146562728737,6,@GG0502,G,1983-08-12
6.0,5.26794041135698,8,@GG0502,G,1983-08-15
10.0,5.463494744546599,7,@GG0502,G,1983-08-21
1.0,5.836108239516477,8,@GG0502,G,1983-08-31
10.0,5.46351181576048,10,@GG0502,G,1983-09-01
2.0,4.293346307769161,6,@GG0502,G,1983-09-11
9.0,4.763256334271066,5,@GG0502,G,1983-09-13
23.0,4.31946087651734,2,@GG0502,G,1983-09-22
6.0,11.327413537214717,5,@GG0502,G,1983-10-15
5.0,7.842516919463745,3,@GG0502,G,1983-10-21
3.0,7.109810099500299,4,@GG0502,G,1983-10-26
54.0,6.322531697161423,9,@GG0502,G,1983-10-29
5.0,13.178183044901134,9,@GG0502,G,1983-12-22
15.0,6.4431310581295165,6,@GG0502,G,1983-12-27
7.0,6.575110167108717,6,@GG0502,G,1984-01-11
2.0,6.654021791190786,2,@GG0502,G,1984-01-18
4.0,4.029387814973267,3,@GG0502,G,1984-01-20
3.0,5.559477191132757,9,@GG0502,G,1984-01-24
12.0,5.569789886868966,10,@GG0502,G,1984-01-27
53.0,7.853415073418626,10,@GG0502,G,1984-02-08
5.0,16.712364878267003,3,@GG0502,G,1984-04-01
17.0,3.6667320492901734,2,@GG0502,G,1984-04-06
168.0,26.217434307346462,5,@GG0502,G,1993-03-10
20.0,6.869563930465807,7,@GG0503,G,1981-12-15
8.0,20.03245068856051,8,@GG0503,G,1982-01-04
10.0,12.222084825747515,5,@GG0503,G,1982-01-12
27.0,9.184201068325875,2,@GG0503,G,1982-01-22
27.0,15.22884559321874,8,@GG0503,G,1982-02-18
5.0,19.40115084699392,1,@GG0503,G,1982-03-17
8.0,5.0066599720308,6,@GG0503,G,1982-03-22
5.0,10.773270044427424,8,@GG0503,G,1982-03-30
4.0,9.238179739838833,1,@GG0503,G,1982-04-04
1.0,7.867825036668851,2,@GG0503,G,1982-04-08
87.0,5.538622251931933,4,@GG0503,G,1982-04-09
52.0,25.298039413375037,8,@GG0503,G,1982-07-05
4.0,19.635853168232103,2,@GG0503,G,1982-08-26
11.0,4.983258475821158,3,@GG0503,G,1982-08-30
34.0,9.730135720229221,1,@GG0503,G,1982-09-10
14.0,22.38745443521185,9,@GG0503,G,1982-10-14
3.0,11.320185808911138,5,@GG0503,G,1982-10-28
64.0,3.97957635054947,5,@GG0503,G,1982-10-31
26.0,32.30045556433216,7,@GG0503,G,1983-01-03
21.0,13.23279123145269,2,@GG0503,G,1983-01-29
4.0,7.783093876052905,3,@GG0503,G,1983-02-19
5.0,7.4910636467255545,10,@GG0503,G,1983-02-23
2.0,8.250355573055298,5,@GG0503,G,1983-02-28
2.0,6.809650311159917,1,@GG0503,G,1983-03-02
17.0,5.871863950617968,10,@GG0503,G,1983-03-04
12.0,9.715535555159278,9,@GG0503,G,1983-03-21
10.0,7.980944277445319,9,@GG0503,G,1983-04-02
39.0,8.479978025632459,2,@GG0503,G,1983-04-12
16.0,20.321253563562323,7,@GG0503,G,1983-05-21
12.0,14.14717501334413,4,@GG0503,G,1983-06-06
16.0,10.590008351156015,6,@GG0503,G,1983-06-18
14.0,10.322149392165258,1,@GG0503,G,1983-07-04
47.0,10.146202362760839,10,@GG0503,G,1983-07-18
21.0,10.880121831376401,3,@GG0503,G,1983-09-03
7.0,8.886431052200098,1,@GG0503,G,1983-09-24
12.0,7.269217505082882,10,@GG0503,G,1983-10-01
17.0,10.093888727274507,10,@GG0503,G,1983-10-13
21.0,12.242041974409458,10,@GG0503,G,1983-10-30
7.0,14.03957498265414,3,@GG0503,G,1983-11-20
21.0,8.07544744278794,7,@GG0503,G,1983-11-27
1.0,13.657566359126655,3,@GG0503,G,1983-12-18
3.0,5.773339273594141,10,@GG0503,G,1983-12-19
5.0,6.781936410547182,3,@GG0503,G,1983-12-22
2.0,7.935322111287395,1,@GG0503,G,1983-12-27
36.0,5.492583081206291,4,@GG0503,G,1983-12-29
10.0,20.858278881689337,1,@GG0503,G,1984-02-03
8.0,15.427218698080765,1,@GG0503,G,1984-02-13
7.0,10.542544306874252,2,@GG0503,G,1984-02-21
10.0,9.179269883697534,7,@GG0503,G,1984-02-28
12.0,7.048846875747168,6,@GG0503,G,1984-03-09
3.0,7.6802378078045255,6,@GG0503,G,1984-03-21
28.0,4.13156527155823,9,@GG0503,G,1984-03-24
6.0,9.668010448584585,6,@GG0503,G,1984-04-21
7.0,3.8097595885394284,1,@GG0503,G,1984-04-27
3.0,5.139153221095924,2,@GG0503,G,1984-05-04
6.0,4.314316916629084,2,@GG0503,G,1984-05-07
2.0,6.302487324584108,4,@GG0503,G,1984-05-13
13.0,28.2885424391205,4,@GG0503,G,1994-02-27
34.0,4.845815904197847,8,@GG0503,G,1994-03-12
6.0,4.357125286002709,6,@GG0504,G,1982-03-04
2.0,4.47898576491068,9,@GG0504,G,1982-03-10
10.0,1.5832775529661482,4,@GG0504,G,1982-03-12
25.0,8.298001606594216,7,@GG0504,G,1982-03-22
31.0,15.062388582064978,7,@GG0504,G,1982-04-16
102.0,13.347144526482545,1,@GG0504,G,1982-05-17
4.0,22.744823561550152,3,@GG0504,G,1982-08-27
1.0,5.910930491263253,2,@GG0504,G,1982-08-31
21.0,3.278344704176895,7,@GG0504,G,1982-09-01
10.0,16.549755490916187,2,@GG0504,G,1982-09-22
21.0,8.667683450047276,8,@GG0504,G,1982-10-02
7.0,15.158497676562039,7,@GG0504,G,1982-10-23
1.0,7.452549347313074,5,@GG0504,G,1982-10-30
8.0,2.3977691194483075,2,@GG0504,G,1982-10-31
2.0,10.998539250225432,7,@GG0504,G,1982-11-08
10.0,3.9152091270389047,1,@GG0504,G,1982-11-10
7.0,14.406373476616562,2,@GG0504,G,1982-11-20
3.0,11.956241481296873,10,@GG0504,G,1982-11-27
9.0,7.120487446835581,7,@GG0504,G,1982-11-30
18.0,13.626083724703797,6,@GG0504,G,1982-12-09
3.0,18.93575795470684,5,@GG0504,G,1982-12-27
4.0,7.671949287169252,9,@GG0504,G,1982-12-30
13.0,5.877710323470444,1,@GG0504,G,1983-01-03
20.0,11.03940274282866,1,@GG0504,G,1983-01-16
1.0,10.691292944043258,7,@GG0504,G,1983-02-05
6.0,6.885022572544106,7,@GG0504,G,1983-02-06
2.0,6.945174316527824,5,@GG0504,G,1983-02-12
52.0,5.660064475610438,1,@GG0504,G,1983-02-14
12.0,18.307744949188383,1,@GG0504,G,1983-04-07
8.0,9.379805959938075,10,@GG0504,G,1983-04-19
9.0,8.606502999853785,1,@GG0504,G,1983-04-27
3.0,10.045781972135051,8,@GG0504,G,1983-05-06
11.0,4.413591615367443,3,@GG0504,G,1983-05-09
3.0,8.400994605174896,9,@GG0504,G,1983-05-20
4.0,3.9850990844267447,6,@GG0504,G,1983-05-23
1.0,5.442407871831628,1,@GG0504,G,1983-05-27
1.0,3.8576198833809983,6,@GG0504,G,1983-05-28
4.0,3.6982969226709166,4,@GG0504,G,1983-05-29
5.0,6.893848905687623,10,@GG0504,G,1983-06-02
12.0,7.399277920306574,3,@GG0504,G,1983-06-07
32.0,8.560294008510805,8,@GG0504,G,1983-06-19
12.0,13.400294456325746,5,@GG0504,G,1983-07-21
16.0,7.888129031850989,4,@GG0504,G,1983-08-02
4.0,9.331664169376056,7,@GG0504,G,1983-08-18
3.0,6.041365065572414,9,@GG0504,G,1983-08-22
3.0,5.373442457732661,6,@GG0504,G,1983-08-25
3.0,6.023050204940388,4,@GG0504,G,1983-08-28
2.0,5.440446289307017,5,@GG0504,G,1983-08-31
3.0,6.482788522266272,3,@GG0504,G,1983-09-02
17.0,4.341194128802943,5,@GG0504,G,1983-09-05
10.0,6.491949897108054,5,@GG0504,G,1983-09-22
5.0,8.534140521474646,3,@GG0504,G,1983-10-02
11.0,4.824820990884078,7,@GG0504,G,1983-10-07
1.0,9.272818347558399,4,@GG0504,G,1983-10-18
2.0,6.383059317051108,9,@GG0504,G,1983-10-19
7.0,5.480687452795959,1,@GG0504,G,1983-10-21
2.0,7.616645719790192,7,@GG0504,G,1983-10-28
8.0,5.9566392905287735,3,@GG0504,G,1983-10-30
7.0,8.394217161813657,1,@GG0504,G,1983-11-07
3.0,8.306128532218814,3,@GG0504,G,1983-11-14
3.0,5.09180064505429,9,@GG0504,G,1983-11-17
5.0,6.287272702792336,6,@GG0504,G,1983-11-20
13.0,7.2232530214055615,3,@GG0504,G,1983-11-25
10.0,8.50797366199884,3,@GG0504,G,1983-12-08
6.0,7.079162092988467,6,@GG0504,G,1983-12-18
1.0,7.151066300492484,2,@GG0504,G,1983-12-24
13.0,3.767730338464073,2,@GG0504,G,1983-12-25
1.0,9.082559050245592,2,@GG0504,G,1984-01-07
3.0,3.5743183190481123,5,@GG0504,G,1984-01-08
1.0,3.4807556213984014,10,@GG0504,G,1984-01-11
11.0,3.4285290300034816,4,@GG0504,G,1984-01-12
12.0,6.633364387062423,6,@GG0504,G,1984-01-23
7.0,13.890087227313941,1,@GG0504,G,1984-02-04
30.0,8.300562852152815,3,@GG0504,G,1984-02-11
2.0,12.66022633628561,3,@GG0504,G,1984-03-12
15.0,3.4030216710908654,2,@GG0504,G,1984-03-14
10.0,6.4550903648346285,4,@GG0504,G,1984-03-29
1.0,5.792146925395217,9,@GG0504,G,1984-04-08
4.0,3.5010150145883596,7,@GG0504,G,1984-04-09
1.0,2.289864184737521,2,@GG0504,G,1984-04-13
10.0,4.1418309748047015,3,@GG0504,G,1984-04-14
2.0,3.3795032464564265,4,@GG0504,G,1984-04-24
1.0,2.7904057521616057,3,@GG0504,G,1984-04-26
20.0,3.4132180111002217,2,@GG0504,G,1984-04-27
3.0,11.297170416918885,3,@GG0504,G,1984-05-17
159.0,4.510498117240569,4,@GG0504,G,1984-05-20
20.0,24.86011387420279,5,@GG0504,G,1994-01-18
20.0,5.658756293287617,3,@GG0504,G,1994-02-07
5.0,4.287372656351861,6,@GG0504,G,1994-02-27
11.0,2.3058585314292834,3,@GG0504,G,1994-03-04
2.0,3.467797327849077,7,@GG0504,G,1994-03-15
2.0,9.775767064665319,4,@GG0505,G,1982-09-28
4.0,3.1630042564904155,3,@GG0505,G,1982-09-30
1.0,6.907027993849628,10,@GG0505,G,1982-10-04
1.0,3.1608893610605815,4,@GG0505,G,1982-10-05
1.0,2.8432171847643133,6,@GG0505,G,1982-10-06
8.0,2.9732419902343405,6,@GG0505,G,1982-10-07
5.0,12.024643850890405,2,@GG0505,G,1982-10-15
5.0,6.971194845621415,4,@GG0505,G,1982-10-20
7.0,5.871172120374194,6,@GG0505,G,1982-10-25
1.0,10.996083713870696,3,@GG0505,G,1982-11-01
1.0,4.872015912695431,6,@GG0505,G,1982-11-02
1.0,4.812071529198379,6,@GG0505,G,1982-11-03
1.0,2.4820391389785783,5,@GG0505,G,1982-11-04
1.0,4.632154412606667,6,@GG0505,G,1982-11-05
25.0,2.5399148911464327,5,@GG0505,G,1982-11-06
29.0,23.286915512338616,10,@GG0505,G,1982-12-01
2.0,24.51112736106238,4,@GG0505,G,1982-12-30
52.0,3.14876553869658,1,@GG0505,G,1983-01-01
11.0,9.859007701084764,6,@GG0505,G,1983-02-22
2.0,7.848659593552288,5,@GG0505,G,1983-03-05
8.0,4.825095450564826,9,@GG0505,G,1983-03-07
6.0,7.093164281788281,7,@GG0505,G,1983-03-15
10.0,6.046241749747949,10,@GG0505,G,1983-03-21
2.0,8.028675944477456,8,@GG0505,G,1983-03-31
8.0,3.879493939327917,5,@GG0505,G,1983-04-02
1.0,7.694100010260076,2,@GG0505,G,1983-04-10
2.0,4.608306845298744,6,@GG0505,G,1983-04-11
2.0,4.032913149564472,2,@GG0505,G,1983-04-13
2.0,3.995095403488998,4,@GG0505,G,1983-04-15
1.0,4.0180349343500925,4,@GG0505,G,1983-04-17
1.0,4.33265404781617,7,@GG0505,G,1983-04-18
7.0,4.773532124079496,6,@GG0505,G,1983-04-19
6.0,7.287126067353654,8,@GG0505,G,1983-04-26
5.0,7.289206008772689,4,@GG0505,G,1983-05-02
2.0,6.445336322692633,7,@GG0505,G,1983-05-07
4.0,3.4496047092203277,2,@GG0505,G,1983-05-09
10.0,4.987669429081889,3,@GG0505,G,1983-05-13
5.0,8.640784729075499,4,@GG0505,G,1983-05-23
10.0,5.112702219471592,2,@GG0505,G,1983-05-28
8.0,9.49826409519737,2,@GG0505,G,1983-06-07
4.0,8.570679477451796,6,@GG0505,G,1983-06-15
10.0,5.908640501636178,9,@GG0505,G,1983-06-19
16.0,8.010936208936277,8,@GG0505,G,1983-06-29
4.0,10.515632637752688,5,@GG0505,G,1983-07-15
4.0,6.292570734879076,7,@GG0505,G,1983-07-19
2.0,6.031957699333475,3,@GG0505,G,1983-07-23
7.0,5.444041560801704,1,@GG0505,G,1983-07-25
4.0,6.452367445826493,7,@GG0505,G,1983-08-01
7.0,5.9163811240229585,5,@GG0505,G,1983-08-05
12.0,7.058786116211769,7,@GG0505,G,1983-08-12
7.0,6.595407412247294,4,@GG0505,G,1983-08-24
4.0,5.797700261540408,3,@GG0505,G,1983-08-31
2.0,4.158620397090523,2,@GG0505,G,1983-09-04
1.0,4.464240559393062,2,@GG0505,G,1983-09-06
5.0,6.679846610418023,9,@GG0505,G,1983-09-07
16.0,4.410805054532686,6,@GG0505,G,1983-09-12
1.0,6.055421679898762,5,@GG0505,G,1983-09-28
19.0,6.562604746151473,8,@GG0505,G,1983-09-29
26.0,9.145653278788327,8,@GG0505,G,1983-10-18
1.0,11.576948547052377,3,@GG0505,G,1983-11-13
3.0,6.877805836767074,6,@GG0505,G,1983-11-14
25.0,4.900073750669508,5,@GG0505,G,1983-11-17
8.0,10.588279066496348,3,@GG0505,G,1983-12-12
32.0,6.638834348645561,10,@GG0505,G,1983-12-20
32.0,11.440642960880684,10,@GG0505,G,1984-01-21
42.0,12.420571517450124,4,@GG0505,G,1984-02-22
1.0,14.767514426941633,4,@GG0505,G,1984-04-04
1.0,3.6579352113147294,3,@GG0505,G,1984-04-05
8.0,3.1990600191082077,2,@GG0505,G,1984-04-06
13.0,3.231452988582493,8,@GG0505,G,1984-04-14
3.0,4.680353060290052,6,@GG0505,G,1984-04-27
11.0,2.2610131255501607,8,@GG0505,G,1984-04-30
26.0,6.004181528915678,2,@GG0505,G,1984-05-11
39.0,10.137044322236285,7,@GG0505,G,1984-06-06
26.0,28.192703428611253,8,@GG0505,G,1994-01-16
3.0,6.303440403646599,6,@GG0505,G,1994-02-11
3.0,2.968577071380702,10,@GG0505,G,1994-02-14
18.0,2.952586519824022,10,@GG0505,G,1994-02-17
3.0,5.604940454885895,4,@GG0505,G,1994-03-07
3.0,2.7203942809486996,4,@GG0505,G,1994-03-10
1.0,2.710111862999767,8,@GG0505,G,1994-03-13
2.0,4.034755921777366,9,@GG0505,G,1994-03-14
3.0,3.2080938129314642,10,@GG0505,G,1994-03-16
4.0,2.845901370529745,5,@GG0505,G,1994-03-19
11.0,2.8758261557888165,9,@GG0505,G,1994-03-23
1.0,6.203222657129475,10,@GG0505,G,1994-04-03
4.0,5.250916982260263,6,@GG0505,G,1994-04-04
2.0,5.172488476407128,1,@GG0505,G,1994-04-08
2.0,5.115697345410506,10,@GG0505,G,1994-04-10
3.0,4.868434830238149,8,@GG0505,G,1994-04-12
3.0,9.476860024185406,5,@GG0506,G,1983-05-19
14.0,3.4048292201921004,2,@GG0506,G,1983-05-22
2.0,13.680063286024119,1,@GG0506,G,1983-06-05
2.0,5.211757186357579,2,@GG0506,G,1983-06-07
1.0,7.172172905665525,3,@GG0506,G,1983-06-09
7.0,6.457901225902006,2,@GG0506,G,1983-06-10
4.0,11.870611304774993,4,@GG0506,G,1983-06-17
1.0,8.243761710668558,9,@GG0506,G,1983-06-21
57.0,7.620455946387493,5,@GG0506,G,1983-06-22
53.0,20.899193313601963,2,@GG0506,G,1983-08-18
5.0,23.60109146178813,5,@GG0506,G,1983-10-10
2.0,10.416215201175524,2,@GG0506,G,1983-10-15
1.0,6.088174948498853,9,@GG0506,G,1983-10-17
6.0,6.256837521469462,10,@GG0506,G,1983-10-18
79.0,9.302474434863363,6,@GG0506,G,1983-10-24
14.0,27.380331301758307,1,@GG0506,G,1984-01-11
20.0,13.448775162943765,6,@GG0506,G,1984-01-25
3.0,20.285759491833254,1,@GG0506,G,1984-02-14
48.0,4.381404352744617,3,@GG0506,G,1984-02-17
6.0,22.40776467973801,7,@GG0506,G,1984-04-05
125.0,6.889354761488985,4,@GG0506,G,1984-04-11
24.0,25.837613972681204,2,@GW0101,G,1976-01-01
5.0,30.918733474257415,3,@GW0101,G,1976-01-25
4.0,16.38565265761056,6,@GW0101,G,1976-01-30
8.0,12.449634368135753,4,@GW0101,G,1976-02-03
2.0,17.64088640801622,2,@GW0101,G,1976-02-11
1.0,9.67401267359795,5,@GW0101,G,1976-02-13
8.0,5.173158146424711,1,@GW0101,G,1976-02-14
1.0,15.392182961189567,2,@GW0101,G,1976-02-22
8.0,4.71638777455223,7,@GW0101,G,1976-02-23
1.0,12.76850134533495,1,@GW0101,G,1976-03-02
1.0,3.8766394280801677,4,@GW0101,G,1976-03-03
1.0,3.6698572625450065,7,@GW0101,G,1976-03-04
1.0,4.125872391865457,2,@GW0101,G,1976-03-05
1.0,3.5984514262361085,5,@GW0101,G,1976-03-06
1.0,3.4446384450403738,2,@GW0101,G,1976-03-07
1.0,2.9706055739214037,5,@GW0101,G,1976-03-08
1.0,2.712971121722747,5,@GW0101,G,1976-03-09
1.0,2.6909959085244495,2,@GW0101,G,1976-03-10
1.0,1.4172940821704074,8,@GW0101,G,1976-03-11
5.0,2.4272232378724823,2,@GW0101,G,1976-03-12
1.0,6.390676306074855,7,@GW0101,G,1976-03-17
2.0,1.4624560839659768,4,@GW0101,G,1976-03-18
1.0,2.7423429718399905,7,@GW0101,G,1976-03-20
2.0,1.1295794595123478,8,@GW0101,G,1976-03-21
4.0,1.7277084303438812,1,@GW0101,G,1976-03-23
2.0,4.306741114187279,5,@GW0101,G,1976-03-27
1.0,2.426214097584884,10,@GW0101,G,1976-03-29
2.0,1.668137234108059,4,@GW0101,G,1976-03-30
2.0,3.5438103943202464,8,@GW0101,G,1976-04-01
1.0,3.5762236886435055,10,@GW0101,G,1976-04-03
2.0,3.1058338137161474,9,@GW0101,G,1976-04-04
5.0,3.6558420683774777,1,@GW0101,G,1976-04-06
20.0,4.845533138550767,4,@GW0101,G,1976-04-11
3.0,13.510231187138805,10,@GW0101,G,1976-05-01
1.0,5.8219923842629715,8,@GW0101,G,1976-05-04
38.0,4.14024263188799,2,@GW0101,G,1976-05-05
18.0,17.30516385728583,4,@GW0101,G,1976-06-12
31.0,11.730258212320539,2,@GW0101,G,1976-06-30
3.0,14.699586393063806,1,@GW0101,G,1976-07-31
22.0,6.109278337846719,5,@GW0101,G,1976-08-03
1.0,8.27643041677132,10,@GW0101,G,1976-08-25
1.0,4.352225001333682,7,@GW0101,G,1976-08-26
1.0,4.5210124275546,5,@GW0101,G,1976-08-27
1.0,4.075340150609712,9,@GW0101,G,1976-08-28
4.0,4.302272531035287,8,@GW0101,G,1976-08-29
2.0,3.6957750485717504,1,@GW0101,G,1976-09-02
3.0,2.9188249748945694,1,@GW0101,G,1976-09-04
13.0,3.3345192953044,7,@GW0101,G,1976-09-07
1.0,6.2425801575321,10,@GW0101,G,1976-09-20
1.0,3.319156714011374,8,@GW0101,G,1976-09-21
1.0,3.483460578959061,5,@GW0101,G,1976-09-22
5.0,3.118344314300259,6,@GW0101,G,1976-09-23
4.0,3.9609634261485294,2,@GW0101,G,1976-09-28
2.0,4.592838962401579,2,@GW0101,G,1976-10-02
12.0,3.9304068314376117,1,@GW0101,G,1976-10-04
1.0,7.047118769571366,5,@GW0101,G,1976-10-16
1.0,3.901839893842853,1,@GW0101,G,1976-10-17
25.0,3.3239150060742695,4,@GW0101,G,1976-10-18
1.0,11.198225263552168,7,@GW0101,G,1976-11-12
1.0,4.4140516474486855,1,@GW0101,G,1976-11-13
2.0,4.381605447260851,1,@GW0101,G,1976-11-14
10.0,3.0796776805756974,9,@GW0101,G,1976-11-16
49.0,25.999153327465347,10,@PN0302,G,1984-08-12
68.0,32.512312422268366,4,@PN0302,G,1984-09-30
1.0,33.97750648132942,5,@PN0302,G,1984-12-07
11.0,12.285194864820884,8,@PN0302,G,1984-12-08
1.0,22.467612335477895,10,@PN0302,G,1984-12-19
31.0,9.343820154519193,5,@PN0302,G,1984-12-20
47.0,27.22924654802142,3,@PN0302,G,1985-01-20
22.0,28.120452522354174,1,@PN0302,G,1985-03-08
205.0,14.900070806792673,9,@PN0302,G,1985-03-30
27.0,30.669327533154174,2,@PN0302,G,1985-10-21
74.0,17.904782378800633,9,@PN0302,G,1985-11-17
22.0,25.842177978805296,8,@PN0302,G,1986-01-30
3.0,19.20390946853111,3,@PN0302,G,1986-02-21
9.0,4.877448270521802,8,@PN0302,G,1986-02-24
28.0,9.447595673273062,10,@PN0302,G,1986-03-05
11.0,19.341100620431472,7,@PN0302,G,1986-04-02
5.0,26.26657136658895,8,@PN0302,G,1987-09-04
36.0,7.673544110897538,4,@PN0302,G,1987-09-09
236.0,18.41320184251224,3,@PN0302,G,1987-10-15
229.0,23.43416274112982,1,@PN0302,G,1988-06-07
85.0,38.874016997057026,1,@PN0302,G,1989-01-22
2.0,19.118881494170132,2,@PN0302,G,1989-04-17
149.0,14.40258443489762,8,@PN0303,G,1982-11-11
27.0,43.12808487736564,3,@PN0303,G,1983-04-09
41.0,12.7642140038648,9,@PN0303,G,1983-05-06
42.0,21.84468396219244,5,@PN0303,G,1983-06-16
75.0,22.596960576772624,3,@PN0303,G,1983-07-28
8.0,27.313908666982087,9,@PN0303,G,1983-10-11
6.0,11.709317095979753,6,@PN0303,G,1983-10-19
6.0,9.25335355664713,8,@PN0303,G,1983-10-25
3.0,11.613300793364015,1,@PN0303,G,1983-10-31
7.0,11.161261913235217,3,@PN0303,G,1983-11-03
29.0,13.931844533821522,5,@PN0303,G,1983-11-10
3.0,22.17332228243345,2,@PN0303,G,1983-12-09
1.0,10.916657053846919,1,@PN0303,G,1983-12-12
13.0,7.0662122268391325,7,@PN0303,G,1983-12-13
67.0,13.191871154414683,9,@PN0303,G,1983-12-26
1.0,27.380056165496963,7,@PN0303,G,1984-03-02
4.0,1.5849485657828524,3,@PN0303,G,1984-03-03
16.0,5.833990365315815,1,@PN0303,G,1984-03-07
6.0,13.445043455936315,2,@PN0303,G,1984-03-23
2.0,6.363628819049216,3,@PN0303,G,1984-03-29
2.0,4.097189393433778,2,@PN0303,G,1984-03-31
1.0,3.83359646371,6,@PN0303,G,1984-04-02
25.0,3.8581977414216038,2,@PN0303,G,1984-04-03
1.0,11.02080348551783,7,@PN0303,G,1984-04-28
24.0,5.343229548100121,4,@PN0303,G,1984-04-29
13.0,17.041145959382106,3,@PN0303,G,1984-05-23
13.0,12.159484223339017,7,@PN0303,G,1984-06-05
27.0,10.466428251405844,9,@PN0303,G,1984-06-18
2.0,13.057999986592625,4,@PN0303,G,1984-07-15
19.0,8.082910125362519,8,@PN0303,G,1984-07-17
37.0,11.105390776992309,10,@PN0303,G,1984-08-05
13.0,12.538940467260854,7,@PN0303,G,1984-09-11
3.0,8.699847759345154,7,@PN0303,G,1984-09-24
10.0,6.352808008005768,3,@PN0303,G,1984-09-27
2.0,10.832933966403722,1,@PN0303,G,1984-10-07
1.0,4.988976163073833,7,@PN0303,G,1984-10-09
1.0,4.820263882584401,9,@PN0303,G,1984-10-10
1.0,3.848120385022831,7,@PN0303,G,1984-10-11
1.0,4.6652594501796205,3,@PN0303,G,1984-10-12
1.0,4.963635875287746,6,@PN0303,G,1984-10-13
3.0,4.273566542649656,9,@PN0303,G,1984-10-14
5.0,4.275256063185228,5,@PN0303,G,1984-10-17
1.0,6.822278704702995,3,@PN0303,G,1984-10-22
1.0,4.39368784953278,6,@PN0303,G,1984-10-23
1.0,3.8790779609482904,1,@PN0303,G,1984-10-24
8.0,2.592734002401361,2,@PN0303,G,1984-10-25
5.0,8.305112769113272,4,@PN0303,G,1984-11-02
12.0,6.78432207288151,3,@PN0303,G,1984-11-07
5.0,9.942514136831708,6,@PN0303,G,1984-11-19
2.0,6.101372479198696,9,@PN0303,G,1984-11-24
8.0,6.158920088454689,6,@PN0303,G,1984-11-26
1.0,9.468065894025457,3,@PN0303,G,1984-12-04
1.0,6.21757911211415,10,@PN0303,G,1984-12-05
1.0,6.252443544645159,10,@PN0303,G,1984-12-06
6.0,4.319156185821516,2,@PN0303,G,1984-12-07
4.0,9.19504560803695,2,@PN0303,G,1984-12-13
2.0,7.3266393034117225,6,@PN0303,G,1984-12-17
1.0,6.2812864305959994,4,@PN0303,G,1984-12-19
21.0,5.617551567650247,8,@PN0303,G,1984-12-20
3.0,8.011089998795878,9,@PN0303,G,1985-01-10
8.0,2.9997216836444114,4,@PN0303,G,1985-01-13
2.0,5.4177047343572,4,@PN0303,G,1985-01-21
3.0,3.057773995911889,4,@PN0303,G,1985-01-23
3.0,3.5702541628895794,7,@PN0303,G,1985-01-26
2.0,3.2421472137007203,9,@PN0303,G,1985-01-29
1.0,3.386577228399723,1,@PN0303,G,1985-01-31
6.0,2.6254362761273367,5,@PN0303,G,1985-02-01
2.0,4.3079060320638725,7,@PN0303,G,1985-02-07
3.0,2.6053840876124177,6,@PN0303,G,1985-02-09
1.0,2.8215987037138817,4,@PN0303,G,1985-02-12
1.0,3.1140271521311753,9,@PN0303,G,1985-02-13
3.0,2.253169778108644,1,@PN0303,G,1985-02-14
1.0,3.2648775203841147,2,@PN0303,G,1985-02-17
9.0,2.343770136059721,4,@PN0303,G,1985-02-18
1.0,4.824568144282752,5,@PN0303,G,1985-02-27
2.0,2.4191868690569827,4,@PN0303,G,1985-02-28
4.0,2.5449834165132312,10,@PN0303,G,1985-03-02
4.0,2.8856293028335944,8,@PN0303,G,1985-03-06
24.0,2.9187417177636377,4,@PN0303,G,1985-03-10
6.0,11.065355771172507,6,@PN0303,G,1985-04-03
19.0,4.687002019906862,3,@PN0303,G,1985-04-09
48.0,8.310953278337259,3,@PN0303,G,1985-04-28
22.0,14.447703855614169,5,@PN0303,G,1985-06-15
6.0,9.932401498524122,5,@PN0303,G,1985-07-07
8.0,7.009761894437263,7,@PN0303,G,1985-07-13
59.0,7.017702123342842,9,@PN0303,G,1985-07-21
8.0,7.539754045481278,3,@PN0303,G,1985-09-18
1.0,4.113960241307749,6,@PN0303,G,1985-09-26
71.0,4.002850937493802,2,@PN0303,G,1985-09-27
2.0,15.919093255763089,2,@PN0303,G,1985-12-07
7.0,3.489229149482263,10,@PN0303,G,1985-12-09
4.0,5.260291233253623,4,@PN0303,G,1985-12-16
1.0,5.544824749871129,1,@PN0303,G,1985-12-20
13.0,4.306632141827604,7,@PN0303,G,1985-12-21
18.0,5.3564698557813255,9,@PN0303,G,1986-01-03
4.0,7.782572251646327,1,@PN0303,G,1986-01-21
5.0,2.1289792853048315,9,@PN0303,G,1986-01-25
5.0,2.945076022512527,5,@PN0303,G,1986-01-30
3.0,2.3573298981311748,10,@PN0303,G,1986-02-04
2.0,3.1598613179057775,5,@PN0303,G,1986-02-07
2.0,3.2376847149772825,3,@PN0303,G,1986-02-09
1.0,3.4633188024968415,2,@PN0303,G,1986-02-11
3.0,3.796298311342099,7,@PN0303,G,1986-02-12
17.0,3.4435677420564534,1,@PN0303,G,1986-02-15
3.0,7.530890327492772,5,@PN0303,G,1986-03-04
3.0,4.005785322695374,6,@PN0303,G,1986-03-07
5.0,3.1687301969242725,9,@PN0303,G,1986-03-10
7.0,3.94188932795676,2,@PN0303,G,1986-03-15
4.0,4.593733643131095,2,@PN0303,G,1986-03-22
3.0,3.91917504065408,5,@PN0303,G,1986-03-26
147.0,2.8948396490312938,1,@PN0303,G,1986-03-29
1.0,10.615220773584905,1,@PN0303,G,1986-08-23
26.0,5.521110314374267,7,@PN0303,G,1986-08-24
4.0,4.883836190182365,10,@PN0303,G,1986-09-19
109.0,2.9632938760422167,7,@PN0303,G,1986-09-23
44.0,10.293863825121482,9,@PN0303,G,1987-01-10
14.0,7.769846797683551,6,@PN0303,G,1987-02-23
158.0,5.664477031868966,10,@PN0303,G,1987-03-09
19.0,16.31252364540592,5,@PN0303,G,1987-08-14
10.0,5.36774446776554,3,@PN0303,G,1987-09-02
2.0,4.70383569777867,3,@PN0303,G,1987-09-12
5.0,6.042875233599043,5,@PN0303,G,1987-09-14
10.0,3.9291406216778597,2,@PN0303,G,1987-09-19
1.0,4.26680632024858,9,@PN0303,G,1987-09-29
2.0,6.2321165198766,4,@PN0303,G,1987-09-30
18.0,4.613252420942446,9,@PN0303,G,1987-10-02
8.0,7.937877056307903,2,@PN0303,G,1987-10-20
8.0,8.756208080149227,1,@PN0303,G,1987-10-28
21.0,10.339213276068616,7,@PN0303,G,1987-11-05
2.0,7.487373335480756,9,@PN0303,G,1987-11-26
36.0,4.172277555645547,10,@PN0303,G,1987-11-28
2.0,5.621697855156178,10,@PN0303,G,1988-01-03
45.0,3.5482353414554044,3,@PN0303,G,1988-01-05
7.0,10.316563125561604,2,@PN0303,G,1988-02-19
18.0,3.1164737859968845,7,@PN0303,G,1988-02-26
5.0,3.968325374419008,7,@PN0303,G,1988-03-15
65.0,3.6088601616320695,10,@PN0303,G,1988-03-20
30.0,4.417308981764778,2,@PN0303,G,1988-05-24
10.0,14.534493205400052,10,@PN0303,G,1988-06-23
39.0,7.877321711431469,1,@PN0303,G,1988-07-03
33.0,12.693583578530179,1,@PN0303,G,1988-08-11
12.0,3.905338469836643,1,@PN0303,G,1988-09-13
70.0,7.139667602992656,8,@PN0303,G,1988-09-25
15.0,19.025703192109134,6,@PN0303,G,1988-12-04
1.0,12.580938741343484,3,@PN0303,G,1988-12-19
4.0,3.487641241431005,8,@PN0303,G,1988-12-20
7.0,4.545620403028865,9,@PN0303,G,1988-12-24
12.0,8.276301372878626,8,@PN0303,G,1988-12-31
12.0,6.509246998213284,9,@PN0303,G,1989-01-12
1.0,8.64173619311388,10,@PN0303,G,1989-01-24
1.0,2.064527433321004,6,@PN0303,G,1989-01-25
15.0,2.6492030135826194,7,@PN0303,G,1989-01-26
5.0,7.445523844745162,9,@PN0303,G,1989-02-10
6.0,4.166107412633792,10,@PN0303,G,1989-02-15
11.0,4.125116968956831,6,@PN0303,G,1989-02-21
4.0,6.867731540264474,7,@PN0303,G,1989-03-04
3.0,4.735306401024609,7,@PN0303,G,1989-03-08
5.0,2.881535320246627,8,@PN0303,G,1989-03-11
19.0,1.9467196104559008,2,@PN0303,G,1989-03-16
8.0,3.1130389036192785,6,@PN0303,G,1989-04-04
3.0,30.95671226219806,3,AUSSAT-A2,G,1986-05-07
23.0,15.457251252492942,8,AUSSAT-A2,G,1986-05-10
56.0,21.221032907168446,2,AUSSAT-A2,G,1986-06-02
4.0,23.36067997464715,7,AUSSAT-A2,G,1986-07-28
6.0,12.26647497407738,4,AUSSAT-A2,G,1986-08-01
17.0,11.083888373011177,9,AUSSAT-A2,G,1986-08-07
6.0,17.67023895129368,8,AUSSAT-A2,G,1986-08-24
1.0,17.576170493213212,3,AUSSAT-A2,G,1986-08-30
50.0,8.931913443433478,2,AUSSAT-A2,G,1986-08-31
97.0,24.29344823021168,1,AUSSAT-A2,G,1986-10-20
115.0,28.446508144218253,4,AUSSAT-A2,G,1987-01-25
77.0,27.0768521553342,9,AUSSAT-A2,G,1987-05-20
11.0,18.526108263713663,6,AUSSAT-A2,G,1987-08-05
13.0,6.397891856039914,10,AUSSAT-A2,G,1987-08-16
11.0,8.497665227514386,9,AUSSAT-A2,G,1987-08-29
4.0,10.7225372813218,3,AUSSAT-A2,G,1987-09-09
6.0,7.55852548206286,4,AUSSAT-A2,G,1987-09-13
13.0,7.855839693078913,5,AUSSAT-A2,G,1987-09-19
61.0,11.193457030864725,8,AUSSAT-A2,G,1987-10-02
101.0,21.068833439544544,9,AUSSAT-A2,G,1987-12-02
28.0,22.193647719183772,9,AUSSAT-A2,G,1988-03-12
84.0,18.440457104608335,7,AUSSAT-A2,G,1988-04-09
10.0,24.752816692091567,5,AUSSAT-A2,G,1988-07-02
8.0,9.495036244106942,3,AUSSAT-A2,G,1988-07-12
70.0,7.2821857786608515,2,AUSSAT-A2,G,1988-07-20
56.0,22.903450448086918,1,AUSSAT-A2,G,1988-09-28
50.0,30.421825915477243,5,AUSSAT-A2,G,1988-11-23
71.0,16.825501431241555,8,AUSSAT-A2,G,1989-01-12
16.0,18.870647204576912,10,AUSSAT-A2,G,1989-03-24
118.0,34.96512611655197,9,AUSSAT-A2,G,1990-05-29
24.0,16.499790967457002,2,AUSSAT-A2,G,1990-09-24
103.0,24.76846975491266,5,GMS-3,G,1984-09-03
14.0,34.41286676262154,10,GMS-3,G,1984-12-15
62.0,18.912746907414075,9,GMS-3,G,1984-12-29
8.0,31.92244500778792,5,GMS-3,G,1985-03-01
28.0,16.529564565127757,2,GMS-3,G,1985-03-09
69.0,24.41607166791556,5,GMS-3,G,1985-04-06
23.0,32.68949245113751,3,GMS-3,G,1985-06-14
3.0,19.65493256583142,8,GMS-3,G,1985-07-07
22.0,10.719033208713864,10,GMS-3,G,1985-07-10
4.0,15.742146027875282,5,GMS-3,G,1985-08-01
11.0,8.8286800270441,6,GMS-3,G,1985-08-05
13.0,14.78487033905297,5,GMS-3,G,1985-08-16
26.0,17.061807305136355,8,GMS-3,G,1985-08-29
3.0,18.602913278683534,7,GMS-3,G,1985-09-24
1.0,10.576915173562625,4,GMS-3,G,1985-09-27
9.0,7.342435641818856,7,GMS-3,G,1985-09-28
4.0,10.705021885612307,8,GMS-3,G,1985-10-07
107.0,9.468167921331055,7,GMS-3,G,1985-10-11
14.0,26.02401576290875,3,GMS-3,G,1986-01-26
39.0,12.617125259472909,5,GMS-3,G,1986-02-09
51.0,19.11256301519612,5,GMS-3,G,1986-03-20
1.0,21.51137286385328,6,GMS-3,G,1986-05-10
87.0,4.374095423473204,6,GMS-3,G,1986-05-11
11.0,18.853693076265387,6,GMS-3,G,1986-08-06
8.0,9.912325243450004,7,GMS-3,G,1986-08-17
1.0,7.65952409943988,9,GMS-3,G,1986-08-25
3.0,5.28518022732808,2,GMS-3,G,1986-08-26
18.0,6.306147729787579,9,GMS-3,G,1986-08-29
4.0,11.18421963504452,3,GMS-3,G,1986-09-16
7.0,5.519842299682093,5,GMS-3,G,1986-09-20
60.0,6.528401131521964,8,GMS-3,G,1986-09-27
358.0,16.850250141436824,8,GMS-3,G,1986-11-26
252.0,26.24773098218143,3,GMS-3,G,1987-11-19
170.0,31.93360234008563,8,GMS-3,G,1988-07-28
3.0,11.401705157180345,8,GOES-4,G,1981-03-29
12.0,3.617644690901807,3,GOES-4,G,1981-04-01
1.0,8.843038007230222,7,GOES-4,G,1981-04-13
3.0,2.9147083347595544,9,GOES-4,G,1981-04-14
2.0,2.807841072604168,8,GOES-4,G,1981-04-17
1.0,2.1379443083787866,9,GOES-4,G,1981-04-19
1.0,2.439494887473364,1,GOES-4,G,1981-04-20
3.0,1.3046496265391117,2,GOES-4,G,1981-04-21
2.0,2.7178066766051128,5,GOES-4,G,1981-04-24
50.0,1.9114675692354606,2,GOES-4,G,1981-04-26
110.0,11.572135432182474,5,GOES-4,G,1981-06-15
51.0,29.883200578330566,4,GOES-4,G,1981-10-03
37.0,24.433257059969637,10,GOES-4,G,1981-11-23
32.0,26.660764153571535,4,GOES-4,G,1981-12-30
4.0,21.337635868987658,7,GOES-4,G,1982-01-31
45.0,6.609513850339384,8,GOES-4,G,1982-02-04
4.0,23.48424258189391,8,GOES-4,G,1982-03-21
5.0,4.915975529542147,4,GOES-4,G,1982-03-25
7.0,6.596637942777853,9,GOES-4,G,1982-03-30
17.0,8.824209832894068,6,GOES-4,G,1982-04-06
2.0,11.052173497629006,4,GOES-4,G,1982-04-23
6.0,7.67436669077923,1,GOES-4,G,1982-04-25
116.0,5.710626870556579,5,GOES-4,G,1982-05-01
13.0,22.053096086312753,7,GOES-4,G,1982-08-25
16.0,10.523661713395029,1,GOES-4,G,1982-09-07
4.0,13.37802704032839,9,GOES-4,G,1982-09-23
3.0,4.995563051919911,3,GOES-4,G,1982-09-27
8.0,4.835734764456541,7,GOES-4,G,1982-09-30
22.0,10.658832191241963,10,GOES-4,G,1982-10-08
3.0,11.406965157588733,3,GOES-4,G,1982-10-30
24.0,4.4061411110397355,2,GOES-4,G,1982-11-02
50.0,18.716810107961702,10,GOES-4,G,1982-11-26
128.0,15.733204932329043,4,GOES-4,G,1983-01-15
144.0,25.093036487272123,6,GOES-4,G,1983-05-23
346.0,26.41364166716767,10,GOES-4,G,1987-05-05
15.0,35.10568054542797,8,GOES-4,G,1988-04-15
104.0,10.244616718317516,4,GOES-4,G,1988-04-30
66.0,16.448326164165074,4,GOES-5,G,1981-06-15
3.0,19.880684055431406,9,GOES-5,G,1981-08-20
5.0,1.1304208976349575,5,GOES-5,G,1981-08-23
1.0,3.5972607245389376,10,GOES-5,G,1981-08-28
13.0,2.39977751803238,6,GOES-5,G,1981-08-29
1.0,6.221749570561192,6,GOES-5,G,1981-09-11
6.0,2.5583872460096497,6,GOES-5,G,1981-09-12
22.0,5.052102365622865,10,GOES-5,G,1981-09-18
1.0,20.466270423866725,5,GOES-5,G,1981-10-10
1.0,1.7524523453997052,3,GOES-5,G,1981-10-11
9.0,2.1655275753816507,2,GOES-5,G,1981-10-12
22.0,9.764291815976096,8,GOES-5,G,1981-10-21
7.0,22.597276026011436,9,GOES-5,G,1981-11-12
3.0,10.969521655433494,1,GOES-5,G,1981-11-19
1.0,5.597738668813953,1,GOES-5,G,1981-11-22
37.0,1.5681974865412052,1,GOES-5,G,1981-11-23
36.0,28.170545798277843,1,GOES-5,G,1981-12-30
1.0,23.389086285436637,3,GOES-5,G,1982-02-04
9.0,2.5193763611599334,1,GOES-5,G,1982-02-05
12.0,6.853755818337479,10,GOES-5,G,1982-02-14
24.0,9.642260153549826,2,GOES-5,G,1982-02-26
12.0,17.459204867873318,7,GOES-5,G,1982-03-22
3.0,11.602841217935904,8,GOES-5,G,1982-04-03
19.0,5.853540927039894,10,GOES-5,G,1982-04-06
2.0,9.702612980017307,7,GOES-5,G,1982-04-25
1.0,5.683082369560795,9,GOES-5,G,1982-04-27
90.0,6.902151341824187,2,GOES-5,G,1982-04-28
39.0,25.364847923503206,6,GOES-5,G,1982-07-27
28.0,19.540533753082457,2,GOES-5,G,1982-09-04
1.0,17.894272203415497,1,GOES-5,G,1982-10-02
4.0,2.6056734122082013,1,GOES-5,G,1982-10-03
86.0,7.335851208351988,7,GOES-5,G,1982-10-07
17.0,30.54731128198677,10,GOES-5,G,1983-01-01
20.0,12.616582462677123,7,GOES-5,G,1983-01-18
1.0,9.221781088338675,5,GOES-5,G,1983-02-07
42.0,5.359658072432666,1,GOES-5,G,1983-02-08
1.0,16.612712921451884,2,GOES-5,G,1983-03-22
1.0,3.387902919245656,3,GOES-5,G,1983-03-23
6.0,3.41040357445765,2,GOES-5,G,1983-03-24
5.0,4.890997781153873,7,GOES-5,G,1983-03-30
3.0,4.399607930057481,3,GOES-5,G,1983-04-04
3.0,4.888433911957659,6,GOES-5,G,1983-04-07
2.0,3.4929503387953353,8,GOES-5,G,1983-04-10
3.0,4.097496120437157,10,GOES-5,G,1983-04-12
12.0,3.1925760281057514,5,GOES-5,G,1983-04-15
50.0,9.520314951792649,3,GOES-5,G,1983-04-27
70.0,17.587815017359162,5,GOES-5,G,1983-06-16
1.0,12.34301226127372,1,GOES-5,G,1983-08-25
128.0,6.934998584617187,6,GOES-5,G,1983-08-26
89.0,21.81025066827166,1,GOES-5,G,1984-01-01
3.0,20.91317996508632,8,GOES-5,G,1984-03-30
1.0,3.4887275352546467,8,GOES-5,G,1984-04-02
23.0,4.046937221165848,6,GOES-5,G,1984-04-03
66.0,6.066763318542735,9,GOES-5,G,1984-04-26
8.0,12.650120713983473,8,GOES-5,G,1984-07-01
13.0,7.12849830290323,6,GOES-5,G,1984-07-09
8.0,8.602221185319703,8,GOES-5,G,1984-07-22
236.0,7.894927717488889,1,GOES-5,G,1984-07-30
20.0,20.37540817518263,9,GOES-5,G,1985-03-23
55.0,9.397777597267844,2,GOES-5,G,1985-04-12
96.0,16.371686388778855,5,GOES-5,G,1985-06-06
34.0,10.990919585349467,9,GOES-5,G,1985-09-10
269.0,9.838015316639684,4,GOES-5,G,1985-10-14
66.0,15.288741011760242,10,GOES-5,G,1986-07-10
158.0,9.82223031533886,4,GOES-5,G,1986-09-14
228.0,17.12010240308753,9,GOES-5,G,1987-02-19
11.0,16.626864430005366,4,GOES-5,G,1987-10-05
107.0,7.687595953756146,2,GOES-5,G,1987-10-16
12.0,28.251890194686357,3,GOES-6,G,1984-07-07
47.0,17.977858513435695,2,GOES-6,G,1984-07-19
205.0,27.670807712386207,7,GOES-6,G,1984-09-04
166.0,32.03777812271125,6,GOES-6,G,1985-03-28
15.0,34.4174533207492,6,GOES-6,G,1985-09-10
173.0,22.240422794646165,2,GOES-6,G,1985-09-25
100.0,33.05882179529793,7,GOES-6,G,1986-03-17
53.0,29.580895036328876,7,GOES-6,G,1986-06-25
41.0,18.849081450044967,9,GOES-6,G,1986-08-17
11.0,22.276397881599337,4,GOES-6,G,1986-09-27
59.0,13.415651796445987,8,GOES-6,G,1986-10-08
144.0,22.10919519063531,9,GOES-6,G,1986-12-06
15.0,35.1267806012722,8,GOES-6,G,1987-04-29
41.0,14.289201158842959,9,GOES-6,G,1987-05-14
70.0,20.564776122381886,10,GOES-6,G,1987-06-24
10.0,20.295105930577627,2,GOES-6,G,1987-09-02
2.0,10.586949634053383,2,GOES-6,G,1987-09-12
2.0,5.918666795057916,3,GOES-6,G,1987-09-14
2.0,5.767170113316778,7,GOES-6,G,1987-09-16
7.0,5.052036526940764,1,GOES-6,G,1987-09-18
10.0,8.850531774238965,10,GOES-6,G,1987-09-25
22.0,12.21912020680212,1,GOES-6,G,1987-10-05
1.0,16.54246722351813,1,GOES-6,G,1987-10-27
4.0,7.282175863594192,10,GOES-6,G,1987-10-28
10.0,10.37267494829812,6,GOES-6,G,1987-11-01
97.0,14.267111854902488,5,GOES-6,G,1987-11-11
17.0,21.860449949397395,9,GOES-6,G,1988-02-16
5.0,10.008907137151063,4,GOES-6,G,1988-03-04
23.0,4.441807218998264,8,GOES-6,G,1988-03-09
18.0,13.864766863244483,4,GOES-6,G,1988-04-01
89.0,9.128612382688706,10,GOES-6,G,1988-04-19
127.0,22.95146953071798,6,GOES-6,G,1988-07-17
61.0,35.160766950767396,9,GOES-6,G,1988-11-21
24.0,26.774902957736565,1,GOES-6,G,1989-01-21
172.0,15.454603688846532,2,GOES-6,G,1989-02-14
23.0,17.703440042040633,8,GOES-6,G,1989-08-05
1.0,17.412333394028973,9,GOES-6,G,1989-08-28
32.0,2.6731825465165393,10,GOES-6,G,1989-08-29
19.0,18.576533870240386,10,GOES-6,G,1989-09-30
1.0,10.805800305821345,3,GOES-6,G,1989-10-19
3.0,0.8629016158327385,10,GOES-6,G,1989-10-20
2.0,4.9398808769503475,1,GOES-6,G,1989-10-23
1.0,2.2113100006314355,8,GOES-6,G,1989-10-25
125.0,30.601942008374238,2,GOES-6,G,1990-11-19
73.0,23.56539412031539,8,GOES-6,G,1991-03-24
6.0,21.73227388809321,8,GOES-6,G,1991-06-05
56.0,6.1075920303914035,3,GOES-6,G,1991-06-11
43.0,17.37350330803538,6,GOES-6,G,1991-08-06
281.0,11.729405444261229,4,GOES-6,G,1991-09-18
3.0,22.11866719561527,4,GOES-6,G,1992-06-25
239.0,4.987085421524693,8,GOES-6,G,1992-06-28
22.0,27.64932212392297,3,GOES-6,G,1993-02-22
130.0,10.42935985769428,4,GOES-6,G,1993-03-16
12.0,21.3064543436955,5,GOES-6,G,1993-07-24
176.0,6.877887514295979,8,GOES-6,G,1993-08-05
57.0,23.288424792823168,9,GOES-6,G,1994-01-28
45.0,21.514660840588224,9,GPS 5113,I,1984-10-30
31.0,9.257715819483266,6,GPS 5113,I,1984-12-14
5.0,6.4822288204339475,7,GPS 5113,I,1985-01-14
4.0,8.719143198548263,7,GPS 5113,I,1985-01-19
7.0,7.953264370429652,1,GPS 5113,I,1985-01-23
3.0,6.923244961221657,6,GPS 5113,I,1985-01-30
5.0,9.956653886195774,2,GPS 5113,I,1985-02-02
5.0,8.643593564238806,2,GPS 5113,I,1985-02-07
3.0,7.5198824436287595,5,GPS 5113,I,1985-02-12
13.0,8.616559173628204,5,GPS 5113,I,1985-02-15
45.0,5.812479101485417,4,GPS 5113,I,1985-02-28
13.0,6.519909932666314,4,GPS 5113,I,1985-04-14
47.0,8.393952451490364,8,GPS 5113,I,1985-04-27
1.0,7.422113779467615,5,GPS 5113,I,1985-06-13
2.0,7.01362105073815,6,GPS 5113,I,1985-06-14
5.0,5.257316751050629,4,GPS 5113,I,1985-06-16
18.0,4.749103347588472,8,GPS 5113,I,1985-06-21
1.0,7.713848664824392,1,GPS 5113,I,1985-07-09
2.0,6.753654387111483,5,GPS 5113,I,1985-07-10
9.0,6.014918559006571,3,GPS 5113,I,1985-07-12
2.0,6.53305399002876,1,GPS 5113,I,1985-07-21
4.0,7.0914114057163165,6,GPS 5113,I,1985-07-23
12.0,5.740072371955897,7,GPS 5113,I,1985-07-27
35.0,7.491687347399045,9,GPS 5113,I,1985-08-08
39.0,9.237281412958946,9,GPS 5113,I,1985-09-12
5.0,7.18605201423868,5,GPS 5113,I,1985-10-21
95.0,6.083351190526493,6,GPS 5113,I,1985-10-26
1.0,4.302609049162108,4,GPS 5113,I,1986-01-29
3.0,9.163691066950229,8,GPS 5113,I,1986-01-30
12.0,9.582966112333452,5,GPS 5113,I,1986-02-02
1.0,6.465997624887981,2,GPS 5113,I,1986-02-14
9.0,9.409946252602523,2,GPS 5113,I,1986-02-15
6.0,6.192615544434334,8,GPS 5113,I,1986-02-24
15.0,7.216809186662374,1,GPS 5113,I,1986-03-02
1.0,7.673901282578594,2,GPS 5113,I,1986-03-17
15.0,9.664660930145326,1,GPS 5113,I,1986-03-18
13.0,9.138858519440433,4,GPS 5113,I,1986-04-02
42.0,9.57504416393543,8,GPS 5113,I,1986-04-15
16.0,7.899325142341755,8,GPS 5113,I,1986-05-27
7.0,7.0083498097789665,6,GPS 5113,I,1986-06-12
8.0,7.07005200654628,6,GPS 5113,I,1986-06-19
5.0,9.004256801790145,2,GPS 5113,I,1986-06-27
22.0,7.9887045797620555,6,GPS 5113,I,1986-07-02
8.0,6.036804841429857,5,GPS 5113,I,1986-07-24
1.0,5.27740402366155,3,GPS 5113,I,1986-08-01
1.0,6.097310482269009,2,GPS 5113,I,1986-08-02
15.0,5.163646648966122,3,GPS 5113,I,1986-08-03
20.0,7.137007991811325,5,GPS 5113,I,1986-08-18
1.0,7.579562963121124,3,GPS 5113,I,1986-09-07
1.0,6.133976145966505,8,GPS 5113,I,1986-09-08
6.0,5.671267793212625,7,GPS 5113,I,1986-09-09
6.0,6.425793334084009,8,GPS 5113,I,1986-09-15
5.0,6.883303818751939,5,GPS 5113,I,1986-09-21
9.0,6.606272597325754,2,GPS 5113,I,1986-09-26
12.0,4.50685489283269,6,GPS 5113,I,1986-10-05
25.0,3.9098832454843624,6,GPS 5113,I,1986-10-17
5.0,8.387271277934488,2,GPS 5113,I,1986-11-11
8.0,7.237132093447521,8,GPS 5113,I,1986-11-16
31.0,5.789246768172719,9,GPS 5113,I,1986-11-24
10.0,5.6016572231139286,10,GPS 5113,I,1986-12-25
1.0,6.701366425645086,10,GPS 5113,I,1987-01-04
24.0,5.3203932103730605,9,GPS 5113,I,1987-01-05
1.0,3.8541316825313316,8,GPS 5113,I,1987-01-29
3.0,5.775943577878806,9,GPS 5113,I,1987-01-30
39.0,7.320061299189634,10,GPS 5113,I,1987-02-02
8.0,7.308978587164882,2,GPS 5113,I,1987-03-13
3.0,7.197779631296983,1,GPS 5113,I,1987-03-21
9.0,7.004151763576443,4,GPS 5113,I,1987-03-24
4.0,6.559734104423967,4,GPS 5113,I,1987-04-02
3.0,5.78321852253781,1,GPS 5113,I,1987-04-06
7.0,4.590499915275894,6,GPS 5113,I,1987-04-09
2.0,2.952060464779544,8,GPS 5113,I,1987-04-16
1.0,3.645203741836756,6,GPS 5113,I,1987-04-18
6.0,4.408475086550778,9,GPS 5113,I,1987-04-19
3.0,2.8270142294140275,8,GPS 5113,I,1987-04-25
2.0,3.0277750752590578,9,GPS 5113,I,1987-04-28
7.0,3.588487180781314,10,GPS 5113,I,1987-04-30
1.0,3.4087428256336363,4,GPS 5113,I,1987-05-07
1.0,3.056097886546638,5,GPS 5113,I,1987-05-08
3.0,3.658808125436023,10,GPS 5113,I,1987-05-09
5.0,4.621005019713545,1,GPS 5113,I,1987-05-12
1.0,5.772008515575857,9,GPS 5113,I,1987-05-17
7.0,3.7914061589757733,3,GPS 5113,I,1987-05-18
8.0,5.599596783826009,4,GPS 5113,I,1987-05-25
4.0,6.508659740755601,9,GPS 5113,I,1987-06-02
2.0,5.679766577144578,5,GPS 5113,I,1987-06-06
5.0,5.4643529683781775,6,GPS 5113,I,1987-06-08
104.0,7.9700677663139725,7,GPS 5113,I,1987-06-13
6.0,4.347105497493596,6,GPS 5113,I,1987-09-25
1.0,6.006087741688356,5,GPS 5113,I,1987-10-01
6.0,5.522299629861017,4,GPS 5113,I,1987-10-02
5.0,5.134563292066506,6,GPS 5113,I,1987-10-08
6.0,4.6740932668500115,2,GPS 5113,I,1987-10-13
6.0,5.0442821083056035,7,GPS 5113,I,1987-10-19
26.0,6.0807936729659495,2,GPS 5113,I,1987-10-25
1.0,7.0737589715296565,9,GPS 5113,I,1987-11-20
10.0,4.992647924315008,9,GPS 5113,I,1987-11-21
11.0,6.176508613430686,2,GPS 5113,I,1987-12-01
1.0,6.898024396012358,5,GPS 5113,I,1987-12-12
2.0,6.876035517276295,10,GPS 5113,I,1987-12-13
9.0,4.0478052909699205,9,GPS 5113,I,1987-12-15
5.0,7.849641930454196,5,GPS 5113,I,1987-12-24
7.0,5.985283020814499,3,GPS 5113,I,1987-12-29
6.0,8.47817560759793,1,GPS 5113,I,1988-01-05
7.0,7.406693722743748,1,GPS 5113,I,1988-01-11
4.0,7.113376823722266,2,GPS 5113,I,1988-01-18
2.0,5.32189453289217,6,GPS 5113,I,1988-01-22
8.0,5.877764945964975,6,GPS 5113,I,1988-01-24
9.0,4.973637207162426,4,GPS 5113,I,1988-02-01
9.0,21.287398332877373,1,GPS 5113,I,1989-05-14
13.0,10.081729400577002,6,GPS 5113,I,1989-05-23
2.0,9.144459851595402,6,GPS 5113,I,1989-06-05
7.0,10.102522044124541,9,GPS 5113,I,1989-06-07
28.0,7.744510351554965,6,GPS 5113,I,1989-06-14
1.0,11.205919036776303,1,GPS 5113,I,1989-07-12
18.0,7.530204391573195,5,GPS 5113,I,1989-07-13
2.0,9.867910511102842,9,GPS 5113,I,1989-07-31
46.0,5.641978059467558,6,GPS 5113,I,1989-08-02
33.0,8.921705624017736,3,GPS 5113,I,1989-09-17
1.0,8.277667377654161,9,GPS 5113,I,1989-10-20
1.0,2.3720063344594244,10,GPS 5113,I,1989-10-21
1.0,2.46498043796902,4,GPS 5113,I,1989-10-22
1.0,2.8320376755583094,4,GPS 5113,I,1989-10-23
1.0,3.0861925023161447,7,GPS 5113,I,1989-10-24
1.0,4.18527156065557,10,GPS 5113,I,1989-10-25
16.0,4.30028723333619,10,GPS 5113,I,1989-10-26
13.0,11.634874486662403,5,GPS 5113,I,1989-11-11
16.0,9.073306664492485,4,GPS 5113,I,1989-11-24
25.0,12.556290009605593,8,GPS 5113,I,1989-12-10
14.0,10.524000778846284,4,GPS 5113,I,1990-01-04
11.0,11.77410807183775,7,GPS 5113,I,1990-01-18
5.0,11.379825261911012,1,GPS 5113,I,1990-01-29
8.0,8.461072487183868,10,GPS 5113,I,1990-02-03
8.0,10.22046196836809,2,GPS 5113,I,1990-02-11
6.0,9.414848260588847,7,GPS 5113,I,1990-02-19
6.0,5.841696352553166,8,GPS 5113,I,1990-02-25
2.0,6.971096075836632,8,GPS 5113,I,1990-03-03
4.0,10.07134337276456,3,GPS 5113,I,1990-03-05
5.0,9.856109343078778,5,GPS 5113,I,1990-03-09
20.0,7.983534051312102,8,GPS 5113,I,1990-03-14
10.0,14.395145445089701,3,GPS 5113,I,1990-04-03
6.0,11.37960025308838,5,GPS 5113,I,1990-04-13
5.0,11.33318653730889,10,GPS 5113,I,1990-04-19
35.0,9.853010799812512,5,GPS 5113,I,1990-04-24
13.0,16.364911301405275,5,GPS 5113,I,1990-05-29
6.0,11.00402623592984,2,GPS 5113,I,1990-06-11
10.0,7.953540710536004,8,GPS 5113,I,1990-06-17
7.0,10.922276499222109,4,GPS 5113,I,1990-06-27
1.0,8.9723325131346,2,GPS 5113,I,1990-07-04
7.0,8.683950865556653,9,GPS 5113,I,1990-07-05
48.0,21.26293179763242,8,GPS 5114,I,1984-10-25
23.0,8.379031611068765,1,GPS 5114,I,1984-12-12
2.0,7.094274981292585,8,GPS 5114,I,1985-01-04
6.0,10.437911744375366,7,GPS 5114,I,1985-01-06
26.0,6.930057487129124,5,GPS 5114,I,1985-01-12
8.0,6.372179715690482,10,GPS 5114,I,1985-02-07
1.0,7.168328548656266,6,GPS 5114,I,1985-02-15
12.0,11.87534004857983,5,GPS 5114,I,1985-02-16
84.0,6.41328191453818,3,GPS 5114,I,1985-02-28
6.0,6.300522133898182,4,GPS 5114,I,1985-05-23
8.0,6.081410612841644,2,GPS 5114,I,1985-05-29
6.0,5.3769981947212795,4,GPS 5114,I,1985-06-06
1.0,5.622445419717179,2,GPS 5114,I,1985-06-12
4.0,6.513660565032332,10,GPS 5114,I,1985-06-13
3.0,5.598605280539685,9,GPS 5114,I,1985-06-17
7.0,5.289357211531321,4,GPS 5114,I,1985-06-20
1.0,4.529180131218242,8,GPS 5114,I,1985-06-27
7.0,6.079850669962145,7,GPS 5114,I,1985-06-28
26.0,6.6983137816694995,4,GPS 5114,I,1985-07-05
11.0,5.003080549350809,8,GPS 5114,I,1985-07-31
48.0,7.421813557689827,9,GPS 5114,I,1985-08-11
19.0,9.948149563699925,5,GPS 5114,I,1985-09-28
104.0,9.125285546969511,3,GPS 5114,I,1985-10-17
4.0,7.146210487224028,9,GPS 5114,I,1986-01-29
16.0,8.636259352616472,4,GPS 5114,I,1986-02-02
5.0,5.338929161156573,1,GPS 5114,I,1986-02-18
26.0,6.442935545204195,6,GPS 5114,I,1986-02-23
13.0,7.5403328392080144,2,GPS 5114,I,1986-03-21
10.0,10.314272837841287,7,GPS 5114,I,1986-04-03
18.0,10.206640610264348,2,GPS 5114,I,1986-04-13
40.0,5.7393466698764595,10,GPS 5114,I,1986-05-01
1.0,7.509490118543914,9,GPS 5114,I,1986-06-10
10.0,3.915921070836127,3,GPS 5114,I,1986-06-11
6.0,8.908508258829773,7,GPS 5114,I,1986-06-21
25.0,8.847493129431895,1,GPS 5114,I,1986-06-27
15.0,5.646077570599983,9,GPS 5114,I,1986-07-22
12.0,5.585894705006403,10,GPS 5114,I,1986-08-06
6.0,7.397804837172318,3,GPS 5114,I,1986-08-18
18.0,7.01786270349095,2,GPS 5114,I,1986-08-24
9.0,7.468314398285475,4,GPS 5114,I,1986-09-11
11.0,6.254378394613067,6,GPS 5114,I,1986-09-20
4.0,7.093614572409397,3,GPS 5114,I,1986-10-01
2.0,6.616256869132783,8,GPS 5114,I,1986-10-05
2.0,6.090263161928094,2,GPS 5114,I,1986-10-07
36.0,5.537862501843149,5,GPS 5114,I,1986-10-09
10.0,5.038967312588541,1,GPS 5114,I,1986-11-14
2.0,6.23316455175266,9,GPS 5114,I,1986-11-24
2.0,6.499978028121564,8,GPS 5114,I,1986-11-26
19.0,5.982288504591645,4,GPS 5114,I,1986-11-28
13.0,6.014777541237036,10,GPS 5114,I,1986-12-17
17.0,5.016220736990693,7,GPS 5114,I,1986-12-30
13.0,5.192767286611758,8,GPS 5114,I,1987-01-16
1.0,5.896852459642702,9,GPS 5114,I,1987-01-29
4.0,7.077331632329754,3,GPS 5114,I,1987-01-30
1.0,7.999938274611419,2,GPS 5114,I,1987-02-03
75.0,8.47841275630304,7,GPS 5114,I,1987-02-04
2.0,5.789260841475521,4,GPS 5114,I,1987-04-20
2.0,4.153632313961138,4,GPS 5114,I,1987-04-22
9.0,3.6451387173419043,5,GPS 5114,I,1987-04-24
4.0,1.866728565463001,3,GPS 5114,I,1987-05-03
1.0,2.9718625546460764,2,GPS 5114,I,1987-05-07
7.0,4.161969051400833,6,GPS 5114,I,1987-05-08
7.0,6.713489444023905,7,GPS 5114,I,1987-05-15
14.0,5.780904096779173,1,GPS 5114,I,1987-05-22
8.0,7.014544027498676,2,GPS 5114,I,1987-06-05
9.0,8.311643158084394,5,GPS 5114,I,1987-06-13
4.0,9.927110314017758,2,GPS 5114,I,1987-06-22
94.0,5.879557321238263,3,GPS 5114,I,1987-06-26
1.0,6.5097516507329765,4,GPS 5114,I,1987-09-28
6.0,5.725426249537238,9,GPS 5114,I,1987-09-29
2.0,6.203360644343855,4,GPS 5114,I,1987-10-05
3.0,6.267727463580995,4,GPS 5114,I,1987-10-07
21.0,5.331345016330074,6,GPS 5114,I,1987-10-10
2.0,8.018758435658112,9,GPS 5114,I,1987-10-31
19.0,6.96417230845657,6,GPS 5114,I,1987-11-02
30.0,6.320073675021931,4,GPS 5114,I,1987-11-21
11.0,7.1801751408165515,9,GPS 5114,I,1987-12-21
15.0,7.104403467486474,2,GPS 5114,I,1988-01-01
6.0,6.774189144376463,4,GPS 5114,I,1988-01-16
19.0,6.473923522342547,1,GPS 5114,I,1988-01-22
7.0,5.69371927306749,9,GPS 5114,I,1988-02-10
19.0,7.4589223910821545,5,GPS 5114,I,1988-02-17
57.0,16.23548440951305,3,GPS 5114,I,1989-06-06
56.0,6.999805191245821,10,GPS 5114,I,1989-08-02
9.0,14.561270597878684,10,GPS 5114,I,1989-09-27
7.0,5.192332946024761,2,GPS 5114,I,1989-10-06
46.0,20.790398412989585,5,GPS 5118,I,1984-10-28
4.0,17.1976881135535,4,GPS 5118,I,1984-12-13
6.0,16.706037792872607,4,GPS 5118,I,1984-12-17
2.0,13.43402574126537,4,GPS 5118,I,1984-12-23
13.0,10.07311430718745,10,GPS 5118,I,1984-12-25
5.0,5.363812900123518,3,GPS 5118,I,1985-01-07
8.0,6.80237937622605,5,GPS 5118,I,1985-01-12
10.0,6.916703339434582,9,GPS 5118,I,1985-01-20
7.0,5.975773772681379,8,GPS 5118,I,1985-01-30
4.0,8.159966746937304,9,GPS 5118,I,1985-02-06
5.0,8.89527659179518,8,GPS 5118,I,1985-02-10
13.0,7.424879653733907,5,GPS 5118,I,1985-02-15
61.0,7.339770499030797,7,GPS 5118,I,1985-02-28
4.0,8.981907901843503,8,GPS 5118,I,1985-04-30
1.0,7.416085403220409,1,GPS 5118,I,1985-05-04
24.0,8.327094097110109,10,GPS 5118,I,1985-05-05
4.0,5.77259964086115,9,GPS 5118,I,1985-05-29
5.0,3.89683499598312,8,GPS 5118,I,1985-06-02
5.0,5.52769226710563,9,GPS 5118,I,1985-06-07
2.0,4.259078681022345,3,GPS 5118,I,1985-06-12
6.0,4.919223351411194,10,GPS 5118,I,1985-06-14
9.0,4.997144903123221,10,GPS 5118,I,1985-06-20
17.0,4.864122285669424,10,GPS 5118,I,1985-06-29
18.0,5.994628588769958,8,GPS 5118,I,1985-07-16
56.0,5.973926079615465,8,GPS 5118,I,1985-08-03
122.0,8.960762248347262,6,GPS 5118,I,1985-09-28
4.0,7.303144461593394,9,GPS 5118,I,1986-01-28
7.0,8.846830561026835,4,GPS 5118,I,1986-02-01
1.0,7.166694566644519,7,GPS 5118,I,1986-02-08
37.0,9.387458694243504,1,GPS 5118,I,1986-02-09
7.0,7.537972621725687,10,GPS 5118,I,1986-03-18
11.0,8.28840274286439,3,GPS 5118,I,1986-03-25
21.0,9.852614741712813,6,GPS 5118,I,1986-04-05
33.0,7.796338887625564,3,GPS 5118,I,1986-04-26
5.0,8.454858704751572,9,GPS 5118,I,1986-05-29
7.0,5.1861716563127,8,GPS 5118,I,1986-06-03
4.0,5.127226575746668,8,GPS 5118,I,1986-06-10
1.0,5.86197979311258,7,GPS 5118,I,1986-06-14
38.0,4.419551020392202,4,GPS 5118,I,1986-06-15
5.0,7.157061683701652,2,GPS 5118,I,1986-07-23
6.0,4.036357219096981,8,GPS 5118,I,1986-07-28
2.0,5.717006821818895,5,GPS 5118,I,1986-08-03
8.0,5.443473091141573,8,GPS 5118,I,1986-08-05
3.0,6.681231321346656,4,GPS 5118,I,1986-08-13
6.0,5.495409266465261,1,GPS 5118,I,1986-08-16
5.0,5.93487900669458,1,GPS 5118,I,1986-08-22
5.0,6.806609220905683,2,GPS 5118,I,1986-08-27
16.0,6.601706338016786,4,GPS 5118,I,1986-09-01
14.0,6.709963050360479,10,GPS 5118,I,1986-09-17
20.0,4.78494187034511,1,GPS 5118,I,1986-10-01
3.0,4.012610265891679,6,GPS 5118,I,1986-10-21
15.0,4.791251135015278,10,GPS 5118,I,1986-10-24
4.0,5.864009056483013,10,GPS 5118,I,1986-11-08
2.0,9.479680473076694,4,GPS 5118,I,1986-11-12
2.0,8.960578866856542,8,GPS 5118,I,1986-11-14
11.0,6.170610696801516,3,GPS 5118,I,1986-11-16
32.0,5.378982594584551,8,GPS 5118,I,1986-11-27
2.0,5.722649293068919,2,GPS 5118,I,1986-12-29
2.0,6.271599744393217,2,GPS 5118,I,1986-12-31
8.0,5.779662747323327,9,GPS 5118,I,1987-01-02
18.0,6.875719259380729,5,GPS 5118,I,1987-01-10
4.0,5.129519374984305,4,GPS 5118,I,1987-01-28
4.0,7.4502440888739105,1,GPS 5118,I,1987-02-01
38.0,7.442822953867694,1,GPS 5118,I,1987-02-05
6.0,7.167830706196906,2,GPS 5118,I,1987-03-15
20.0,6.945712225011464,8,GPS 5118,I,1987-03-21
1.0,5.065360804986879,6,GPS 5118,I,1987-04-10
3.0,4.630853894337472,1,GPS 5118,I,1987-04-11
3.0,3.8336312243652415,3,GPS 5118,I,1987-04-14
5.0,3.252272807189035,8,GPS 5118,I,1987-04-17
20.0,2.839097138838641,6,GPS 5118,I,1987-04-22
2.0,7.413254343821173,6,GPS 5118,I,1987-05-12
3.0,5.161230439826914,1,GPS 5118,I,1987-05-14
5.0,4.92811470120299,8,GPS 5118,I,1987-05-17
2.0,5.288030827473584,7,GPS 5118,I,1987-05-22
6.0,4.227128799023875,1,GPS 5118,I,1987-05-24
1.0,4.309475799185776,3,GPS 5118,I,1987-05-30
9.0,4.474862889018343,8,GPS 5118,I,1987-05-31
10.0,6.879802606441942,2,GPS 5118,I,1987-06-09
6.0,11.662100052015425,4,GPS 5118,I,1987-06-19
22.0,8.646615837742395,9,GPS 5118,I,1987-06-25
11.0,8.154296621055124,9,GPS 5118,I,1987-07-17
66.0,5.109236553715199,8,GPS 5118,I,1987-07-28
3.0,5.612095296376385,10,GPS 5118,I,1987-10-02
17.0,5.429414986631503,3,GPS 5118,I,1987-10-05
3.0,5.330993629911072,8,GPS 5118,I,1987-10-22
2.0,7.190458150532784,9,GPS 5118,I,1987-10-25
1.0,7.705071874015639,9,GPS 5118,I,1987-10-27
25.0,7.6694989688930715,5,GPS 5118,I,1987-10-28
11.0,5.303848533710623,3,GPS 5118,I,1987-11-22
1.0,6.04352223785812,3,GPS 5118,I,1987-12-03
1.0,6.080975670815484,5,GPS 5118,I,1987-12-04
2.0,6.359594671880064,8,GPS 5118,I,1987-12-05
1.0,6.44665675381818,6,GPS 5118,I,1987-12-07
1.0,6.100542121800004,4,GPS 5118,I,1987-12-08
6.0,3.3775200698104726,9,GPS 5118,I,1987-12-09
19.0,6.03673959450769,3,GPS 5118,I,1987-12-15
15.0,7.202182832893945,4,GPS 5118,I,1988-01-03
13.0,5.626651181941112,7,GPS 5118,I,1988-01-18
3.0,6.606932588754411,4,GPS 5118,I,1988-01-31
5.0,6.222934200896278,3,GPS 5118,I,1988-02-03
163.0,4.769824774902384,6,GPS 5118,I,1988-02-08
320.0,10.434648324651917,4,GPS 5118,I,1988-07-20
16.0,18.50230255938348,7,GPS 5118,I,1989-06-05
29.0,7.363353321518323,8,GPS 5118,I,1989-06-21
11.0,12.227075570454584,4,GPS 5118,I,1989-07-20
2.0,8.344084546922875,10,GPS 5118,I,1989-07-31
53.0,4.932052489089168,7,GPS 5118,I,1989-08-02
14.0,10.214260474263801,8,GPS 5118,I,1989-09-24
6.0,3.8475686291020743,2,GPS 5118,I,1989-10-08
5.0,3.581248065331673,5,GPS 5118,I,1989-10-14
1.0,3.7094995369040884,9,GPS 5118,I,1989-10-19
5.0,1.8181663854741856,5,GPS 5118,I,1989-10-20
37.0,3.776855427028263,2,GPS 5118,I,1989-10-25
5.0,16.02120886680275,8,GPS 5118,I,1989-12-01
60.0,9.194576813071457,4,GPS 5118,I,1989-12-06
1.0,17.37300523465931,6,GPS 5118,I,1990-02-04
7.0,9.720848145848741,1,GPS 5118,I,1990-02-05
7.0,10.033123285172866,8,GPS 5118,I,1990-02-12
2.0,9.512778122421867,5,GPS 5118,I,1990-02-19
20.0,4.708379072442886,8,GPS 5118,I,1990-02-21
13.0,11.272756353953177,8,GPS 5118,I,1990-03-13
18.0,12.879896360250674,7,GPS 5118,I,1990-03-26
49.0,11.693390017920734,1,GPS 5118,I,1990-04-13
18.0,12.902010218878104,8,GPS 5118,I,1990-06-01
49.0,10.16429097097101,10,GPS 5118,I,1990-06-19
2.0,12.59410521392002,5,GPS 6374,I,1986-01-30
32.0,13.870130381826385,1,GPS 6374,I,1986-02-01
10.0,6.994497426250124,4,GPS 6374,I,1986-03-05
13.0,9.56090391205245,2,GPS 6374,I,1986-03-15
9.0,9.102599407276614,8,GPS 6374,I,1986-03-28
7.0,12.215105471363454,3,GPS 6374,I,1986-04-06
2.0,12.54344024996145,5,GPS 6374,I,1986-04-13
16.0,11.410392977282541,8,GPS 6374,I,1986-04-15
3.0,6.4783293094475365,2,GPS 6374,I,1986-05-01
2.0,7.231653820580441,10,GPS 6374,I,1986-05-04
26.0,6.803776601327874,6,GPS 6374,I,1986-05-06
6.0,6.7491150565082165,1,GPS 6374,I,1986-06-01
7.0,6.186247046919576,1,GPS 6374,I,1986-06-07
2.0,6.8932204089965925,5,GPS 6374,I,1986-06-14
9.0,7.270736447805318,5,GPS 6374,I,1986-06-16
1.0,9.818856899532122,5,GPS 6374,I,1986-06-25
6.0,8.528041063555456,8,GPS 6374,I,1986-06-26
6.0,9.049229271542835,10,GPS 6374,I,1986-07-02
11.0,7.369097913744561,9,GPS 6374,I,1986-07-08
2.0,6.321109447582769,6,GPS 6374,I,1986-07-19
8.0,5.233065940381248,4,GPS 6374,I,1986-07-21
14.0,4.261981347384664,1,GPS 6374,I,1986-07-29
1.0,7.450787852376216,7,GPS 6374,I,1986-08-12
9.0,6.87502852445539,2,GPS 6374,I,1986-08-13
15.0,6.917581903488502,10,GPS 6374,I,1986-08-22
2.0,9.254189196100256,3,GPS 6374,I,1986-09-06
3.0,7.056042929656575,6,GPS 6374,I,1986-09-08
6.0,7.663085729777253,3,GPS 6374,I,1986-09-11
9.0,8.354175802246647,3,GPS 6374,I,1986-09-17
7.0,8.19905155148123,5,GPS 6374,I,1986-09-26
1.0,7.774716696026022,4,GPS 6374,I,1986-10-03
23.0,5.08413811630102,1,GPS 6374,I,1986-10-04
2.0,10.06912598591779,4,GPS 6374,I,1986-10-27
10.0,6.483608754257659,10,GPS 6374,I,1986-10-29
18.0,5.911758660268717,3,GPS 6374,I,1986-11-08
1.0,5.860893438221714,5,GPS 6374,I,1986-11-26
5.0,5.619562820641141,10,GPS 6374,I,1986-11-27
34.0,5.310963659154389,3,GPS 6374,I,1986-12-02
5.0,7.394565075721793,9,GPS 6374,I,1987-01-05
2.0,7.45502669174742,10,GPS 6374,I,1987-01-10
2.0,7.31471475833775,5,GPS 6374,I,1987-01-12
16.0,7.106701511826733,3,GPS 6374,I,1987-01-14
2.0,5.9892985088159865,9,GPS 6374,I,1987-01-30
4.0,8.312913901104316,1,GPS 6374,I,1987-02-01
21.0,7.6963409723037906,4,GPS 6374,I,1987-02-05
11.0,7.074565272072487,5,GPS 6374,I,1987-02-26
8.0,7.71941915153997,6,GPS 6374,I,1987-03-09
2.0,7.478344594494224,8,GPS 6374,I,1987-03-17
7.0,8.18357011016025,10,GPS 6374,I,1987-03-19
7.0,7.007050636818702,3,GPS 6374,I,1987-03-26
2.0,6.3217874871683755,1,GPS 6374,I,1987-04-02
2.0,6.525296758309974,2,GPS 6374,I,1987-04-04
1.0,6.084981325772363,4,GPS 6374,I,1987-04-06
5.0,6.464190535092671,3,GPS 6374,I,1987-04-07
5.0,4.013999737147687,9,GPS 6374,I,1987-04-12
1.0,3.6891547034380316,4,GPS 6374,I,1987-04-17
1.0,5.170367738683867,6,GPS 6374,I,1987-04-18
1.0,5.140223752530439,6,GPS 6374,I,1987-04-19
5.0,4.632304958163504,1,GPS 6374,I,1987-04-20
2.0,3.1444464347545598,5,GPS 6374,I,1987-04-25
5.0,3.9688137392665492,6,GPS 6374,I,1987-04-27
2.0,2.9083591723099502,6,GPS 6374,I,1987-05-02
10.0,2.51844240585827,3,GPS 6374,I,1987-05-04
2.0,7.102385874135344,1,GPS 6374,I,1987-05-14
4.0,5.306282406977147,4,GPS 6374,I,1987-05-16
4.0,5.3232523994427865,6,GPS 6374,I,1987-05-20
2.0,4.604702190796196,8,GPS 6374,I,1987-05-24
2.0,4.837479080949416,9,GPS 6374,I,1987-05-26
3.0,4.628197407355627,7,GPS 6374,I,1987-05-28
4.0,5.1938081228502675,10,GPS 6374,I,1987-05-31
1.0,5.063200592877811,8,GPS 6374,I,1987-06-04
3.0,5.343585106829332,7,GPS 6374,I,1987-06-05
6.0,5.792632246968138,4,GPS 6374,I,1987-06-08
2.0,8.759102864986659,7,GPS 6374,I,1987-06-14
4.0,7.578647102192692,5,GPS 6374,I,1987-06-16
1.0,10.398972467653667,1,GPS 6374,I,1987-06-20
1.0,8.692538460486842,1,GPS 6374,I,1987-06-21
4.0,8.616888880318987,7,GPS 6374,I,1987-06-22
114.0,7.917297623946665,2,GPS 6374,I,1987-06-26
1.0,4.951301397321167,1,GPS 6374,I,1987-10-18
3.0,6.408635551479824,4,GPS 6374,I,1987-10-19
4.0,7.024891136983181,8,GPS 6374,I,1987-10-22
1.0,6.844340616916831,5,GPS 6374,I,1987-10-26
7.0,7.487540324001696,5,GPS 6374,I,1987-10-27
15.0,6.026722218346071,6,GPS 6374,I,1987-11-03
4.0,5.229204626169745,7,GPS 6374,I,1987-11-18
9.0,5.531321497793639,3,GPS 6374,I,1987-11-22
7.0,6.086289953737515,7,GPS 6374,I,1987-12-01
6.0,6.0391680421242135,9,GPS 6374,I,1987-12-08
7.0,6.904243539907178,5,GPS 6374,I,1987-12-14
9.0,5.396344477722918,9,GPS 6374,I,1987-12-21
6.0,7.298259844041183,5,GPS 6374,I,1987-12-30
22.0,7.75308985677232,8,GPS 6374,I,1988-01-05
2.0,7.435698711004504,2,GPS 6374,I,1988-01-27
3.0,7.846343537872444,1,GPS 6374,I,1988-01-29
1.0,5.180592282209291,8,GPS 6374,I,1988-02-01
4.0,7.294488988478454,10,GPS 6374,I,1988-02-02
2.0,6.793756950649959,2,GPS 6374,I,1988-02-06
10.0,25.957328175728666,5,GPS 6374,I,1989-06-03
8.0,8.651985038889853,2,GPS 6374,I,1989-06-13
4.0,8.384816642558029,7,GPS 6374,I,1989-06-21
9.0,9.003249952996564,3,GPS 6374,I,1989-06-25
1.0,9.918153510089283,4,GPS 6374,I,1989-07-04
14.0,7.575688077175302,5,GPS 6374,I,1989-07-05
1.0,11.367470631001828,1,GPS 6374,I,1989-07-19
8.0,10.087596787679711,10,GPS 6374,I,1989-07-20
15.0,7.031115602761359,3,GPS 6374,I,1989-07-28
46.0,8.512710411419388,9,GPS 6374,I,1989-08-12
9.0,13.578310199768614,6,GPS 6374,I,1989-09-27
3.0,7.355495773514505,10,GPS 6374,I,1989-10-06
3.0,1.8164138970945967,3,GPS 6374,I,1989-10-09
3.0,2.4723548472399823,10,GPS 6374,I,1989-10-12
4.0,1.5795880480171114,3,GPS 6374,I,1989-10-15
1.0,3.256133626747836,8,GPS 6374,I,1989-10-19
2.0,1.6198609366951722,6,GPS 6374,I,1989-10-20
1.0,2.8774942618743395,7,GPS 6374,I,1989-10-22
1.0,2.4771865785464406,6,GPS 6374,I,1989-10-23
2.0,3.0306544609662467,3,GPS 6374,I,1989-10-24
47.0,3.552647880002878,3,GPS 6374,I,1989-10-26
52.0,12.316074602978006,3,GPS 6374,I,1989-12-12
4.0,16.610075939497605,5,GPS 6374,I,1990-02-02
53.0,8.53265507872396,3,GPS 6374,I,1990-02-06
25.0,14.169931008837576,2,GPS 6374,I,1990-03-31
14.0,11.613610459334538,6,GPS 6374,I,1990-04-25
13.0,13.50131391176015,5,GPS 6374,I,1990-05-09
7.0,12.987730036706763,5,GPS 6374,I,1990-05-22
17.0,10.18914988387606,8,GPS 6374,I,1990-05-29
13.0,12.207637892293613,5,GPS 6374,I,1990-06-15
22.0,28.971449917754725,1,GPS 9521,I,1984-10-06
77.0,16.89093887945804,5,GPS 9521,I,1984-10-28
2.0,7.25994757623317,8,GPS 9521,I,1985-01-13
10.0,9.870291035380538,5,GPS 9521,I,1985-01-15
5.0,7.091980666863078,10,GPS 9521,I,1985-01-25
14.0,8.075174710059008,4,GPS 9521,I,1985-01-30
2.0,7.228916022768784,9,GPS 9521,I,1985-02-13
105.0,10.293988576443262,6,GPS 9521,I,1985-02-15
4.0,7.040050088494839,3,GPS 9521,I,1985-05-31
4.0,6.06639192539698,6,GPS 9521,I,1985-06-04
20.0,4.883856682209043,8,GPS 9521,I,1985-06-08
3.0,5.850539425969293,7,GPS 9521,I,1985-06-28
2.0,7.42728094205029,6,GPS 9521,I,1985-07-01
5.0,6.55588103587143,9,GPS 9521,I,1985-07-03
7.0,6.6387371438629454,10,GPS 9521,I,1985-07-08
6.0,7.016783855766972,5,GPS 9521,I,1985-07-15
2.0,7.150325909395381,6,GPS 9521,I,1985-07-21
3.0,6.387919031352368,4,GPS 9521,I,1985-07-23
1.0,6.276736897897159,4,GPS 9521,I,1985-07-26
46.0,5.941941281141718,1,GPS 9521,I,1985-07-27
6.0,11.557214188405592,2,GPS 9521,I,1985-09-11
1.0,10.261888557095283,8,GPS 9521,I,1985-09-17
17.0,8.034320194403662,10,GPS 9521,I,1985-09-18
9.0,7.658750095898208,9,GPS 9521,I,1985-10-05
3.0,8.642965180325893,3,GPS 9521,I,1985-10-14
3.0,7.57364521439105,2,GPS 9521,I,1985-10-17
1.0,7.844490125566249,4,GPS 9521,I,1985-10-20
2.0,6.921628394285785,2,GPS 9521,I,1985-10-21
1.0,6.315104944427192,3,GPS 9521,I,1985-10-23
1.0,7.22821798758009,9,GPS 9521,I,1985-10-24
1.0,8.352889568389914,8,GPS 9521,I,1985-10-25
96.0,7.581636823503821,9,GPS 9521,I,1985-10-26
21.0,4.2407871868711595,3,GPS 9521,I,1986-01-30
44.0,4.824393192833387,6,GPS 9521,I,1986-02-20
49.0,9.198358485577561,3,GPS 9521,I,1986-04-05
37.0,9.049552544091338,4,GPS 9521,I,1986-05-24
19.0,11.084064275853136,1,GPS 9521,I,1986-06-30
5.0,5.161975765454699,3,GPS 9521,I,1986-07-19
9.0,4.380206480819361,7,GPS 9521,I,1986-07-24
11.0,4.88597110697393,8,GPS 9521,I,1986-08-02
1.0,6.7902893485445155,7,GPS 9521,I,1986-08-13
11.0,5.54909582177358,3,GPS 9521,I,1986-08-14
6.0,7.160263772493138,7,GPS 9521,I,1986-08-25
23.0,6.948161413433034,5,GPS 9521,I,1986-08-31
4.0,8.12474873857565,2,GPS 9521,I,1986-09-23
2.0,7.0282808926849505,8,GPS 9521,I,1986-09-27
1.0,6.671907809598139,8,GPS 9521,I,1986-09-29
6.0,5.768444806630647,6,GPS 9521,I,1986-09-30
13.0,5.179499751091722,10,GPS 9521,I,1986-10-06
23.0,5.736715080786778,5,GPS 9521,I,1986-10-19
12.0,8.598286601474983,2,GPS 9521,I,1986-11-11
28.0,4.11079478026333,1,GPS 9521,I,1986-11-23
1.0,5.923821200156738,10,GPS 9521,I,1986-12-21
2.0,6.7359085682669555,10,GPS 9521,I,1986-12-22
10.0,3.781215038568776,9,GPS 9521,I,1986-12-24
2.0,6.579582679716415,5,GPS 9521,I,1987-01-03
3.0,7.248320421784184,3,GPS 9521,I,1987-01-05
22.0,7.692289109664757,10,GPS 9521,I,1987-01-08
6.0,3.718596236647354,1,GPS 9521,I,1987-01-30
47.0,6.754235900244719,10,GPS 9521,I,1987-02-05
8.0,7.046881225904572,4,GPS 9521,I,1987-03-24
1.0,6.044798638503881,1,GPS 9521,I,1987-04-01
9.0,6.218310643089618,3,GPS 9521,I,1987-04-02
4.0,4.22891265653948,1,GPS 9521,I,1987-04-11
18.0,3.2159795131271363,9,GPS 9521,I,1987-04-15
7.0,2.1485521006315143,3,GPS 9521,I,1987-05-03
9.0,4.220374914356052,2,GPS 9521,I,1987-05-10
8.0,6.5459565916786495,4,GPS 9521,I,1987-05-19
8.0,5.701761271012494,4,GPS 9521,I,1987-05-27
10.0,4.501135980986151,3,GPS 9521,I,1987-06-04
10.0,6.20529940768597,3,GPS 9521,I,1987-06-14
93.0,7.294758136479222,3,GPS 9521,I,1987-06-24
1.0,5.936376107956168,7,GPS 9521,I,1987-09-25
6.0,5.780376619230847,6,GPS 9521,I,1987-09-26
1.0,6.228472824703433,8,GPS 9521,I,1987-10-02
1.0,5.738348044389028,4,GPS 9521,I,1987-10-03
16.0,4.653216078497865,2,GPS 9521,I,1987-10-04
1.0,5.9782580681378334,2,GPS 9521,I,1987-10-20
4.0,7.75177676783467,8,GPS 9521,I,1987-10-21
3.0,6.593163779162033,1,GPS 9521,I,1987-10-25
5.0,6.910540349375985,7,GPS 9521,I,1987-10-28
2.0,8.428679465259625,2,GPS 9521,I,1987-11-02
37.0,8.478604501078557,2,GPS 9521,I,1987-11-04
19.0,5.412107040042514,7,GPS 9521,I,1987-12-11
14.0,6.821830779709547,9,GPS 9521,I,1987-12-30
11.0,6.869607705110431,6,GPS 9521,I,1988-01-13
3.0,4.930180354447057,6,GPS 9521,I,1988-01-24
4.0,7.543430910574289,7,GPS 9521,I,1988-01-27
25.0,5.7749240216273545,8,GPS 9521,I,1988-01-31
121.0,7.984355527284441,2,GPS 9521,I,1988-02-25
1.0,16.927780878447223,5,GPS 9521,I,1988-06-25
311.0,5.399403741918638,5,GPS 9521,I,1988-06-26
94.0,16.458347410480343,10,GPS 9521,I,1989-05-03
19.0,8.08521333644422,10,GPS 9521,I,1989-08-05
56.0,11.196829292296517,1,GPS 9521,I,1989-08-24
1.0,9.600439880459746,7,GPS 9521,I,1989-10-19
2.0,2.317308579095993,10,GPS 9521,I,1989-10-20
1.0,3.5985025480383186,1,GPS 9521,I,1989-10-22
2.0,3.635466863586897,10,GPS 9521,I,1989-10-23
24.0,5.096086948780307,10,GPS 9521,I,1989-10-25
22.0,8.395170813167262,3,GPS 9521,I,1989-11-18
50.0,14.467353988334954,1,GPS 9521,I,1989-12-10
21.0,15.098480216565179,4,GPS 9521,I,1990-01-29
29.0,10.945054244130237,7,GPS 9521,I,1990-02-19
14.0,16.13545094562362,5,GPS 9521,I,1990-03-20
32.0,11.56969341707416,6,GPS 9521,I,1990-04-03
4.0,14.172758025953641,8,GPS 9521,I,1990-05-05
8.0,11.737161532264462,7,GPS 9521,I,1990-05-09
13.0,9.937550924420453,6,GPS 9521,I,1990-05-17
31.0,12.608625874218836,10,GPS 9521,I,1990-05-30
5.0,10.80821608117451,10,GPS 9521,I,1990-06-30
34.0,15.164845290364948,7,GPS 9783,I,1984-12-27
3.0,8.171966020820914,9,GPS 9783,I,1985-01-30
2.0,11.053368759045341,2,GPS 9783,I,1985-02-02
11.0,11.000839926184664,10,GPS 9783,I,1985-02-04
111.0,6.6503848793045535,1,GPS 9783,I,1985-02-15
3.0,7.855450870517377,6,GPS 9783,I,1985-06-06
10.0,6.803805637863308,4,GPS 9783,I,1985-06-09
13.0,5.5014554060528695,9,GPS 9783,I,1985-06-19
13.0,7.578592202419689,1,GPS 9783,I,1985-07-02
6.0,8.118146822790541,1,GPS 9783,I,1985-07-15
13.0,5.7486229190934015,8,GPS 9783,I,1985-07-21
15.0,8.402495242652913,3,GPS 9783,I,1985-08-03
2.0,10.236425190681956,1,GPS 9783,I,1985-08-18
23.0,8.869594616812893,1,GPS 9783,I,1985-08-20
12.0,13.310346065657138,3,GPS 9783,I,1985-09-12
43.0,11.08565223507239,2,GPS 9783,I,1985-09-24
49.0,7.362350170758317,5,GPS 9783,I,1985-11-06
34.0,4.688757624511899,5,GPS 9783,I,1985-12-25
1.0,5.131790900271637,10,GPS 9783,I,1986-01-28
9.0,7.722960705720677,9,GPS 9783,I,1986-01-29
4.0,6.770874779615529,1,GPS 9783,I,1986-02-07
10.0,7.257972672179502,3,GPS 9783,I,1986-02-11
1.0,6.501440144736224,8,GPS 9783,I,1986-02-21
28.0,9.51823006554362,10,GPS 9783,I,1986-02-22
12.0,7.1980670439222525,3,GPS 9783,I,1986-03-22
2.0,10.082658064130419,10,GPS 9783,I,1986-04-03
12.0,9.21169568964114,4,GPS 9783,I,1986-04-05
17.0,10.186642722896366,9,GPS 9783,I,1986-04-17
28.0,5.004460133860473,1,GPS 9783,I,1986-05-04
1.0,7.784422711260865,6,GPS 9783,I,1986-06-01
12.0,5.848742131575822,9,GPS 9783,I,1986-06-02
7.0,5.92916820667423,10,GPS 9783,I,1986-06-14
29.0,7.36082023861684,10,GPS 9783,I,1986-06-21
1.0,6.649428562861576,4,GPS 9783,I,1986-07-20
3.0,5.074242399527561,8,GPS 9783,I,1986-07-21
13.0,4.51122790839433,4,GPS 9783,I,1986-07-24
12.0,6.130102734093674,3,GPS 9783,I,1986-08-06
6.0,6.786508477086608,10,GPS 9783,I,1986-08-18
27.0,6.087002042488031,1,GPS 9783,I,1986-08-24
17.0,7.268021784965425,8,GPS 9783,I,1986-09-20
3.0,6.409500711010676,5,GPS 9783,I,1986-10-07
41.0,5.7334841039085,3,GPS 9783,I,1986-10-10
1.0,5.20916046535873,3,GPS 9783,I,1986-11-20
27.0,8.133898153937482,8,GPS 9783,I,1986-11-21
1.0,6.087961239470356,6,GPS 9783,I,1986-12-18
3.0,7.110861579834003,8,GPS 9783,I,1986-12-19
8.0,5.659873631094909,7,GPS 9783,I,1986-12-22
1.0,6.015110542384585,6,GPS 9783,I,1986-12-30
7.0,5.530045606343009,5,GPS 9783,I,1986-12-31
7.0,6.351464161443799,3,GPS 9783,I,1987-01-07
14.0,6.315400380957492,6,GPS 9783,I,1987-01-14
1.0,5.899788261466448,9,GPS 9783,I,1987-01-28
5.0,7.672673742423081,8,GPS 9783,I,1987-01-29
2.0,7.515429424083255,4,GPS 9783,I,1987-02-03
29.0,8.06874039176748,1,GPS 9783,I,1987-02-05
4.0,8.32769510535918,5,GPS 9783,I,1987-03-06
2.0,8.370117185064993,3,GPS 9783,I,1987-03-10
21.0,8.235063211072774,8,GPS 9783,I,1987-03-12
15.0,6.5225702126710186,8,GPS 9783,I,1987-04-02
4.0,2.972349549524054,6,GPS 9783,I,1987-04-17
2.0,3.1602232115213322,5,GPS 9783,I,1987-04-21
17.0,3.5535618992658424,5,GPS 9783,I,1987-04-23
2.0,6.0802106396357765,4,GPS 9783,I,1987-05-10
1.0,4.767764559647716,6,GPS 9783,I,1987-05-12
5.0,5.3539355579361505,7,GPS 9783,I,1987-05-13
3.0,5.872269745470536,4,GPS 9783,I,1987-05-18
3.0,5.150651554572418,7,GPS 9783,I,1987-05-21
25.0,3.9120671272437093,3,GPS 9783,I,1987-05-24
1.0,12.886136283694013,1,GPS 9783,I,1987-06-18
60.0,6.245725743516056,2,GPS 9783,I,1987-06-19
42.0,4.826652017987426,3,GPS 9783,I,1987-08-18
2.0,6.059967284656176,9,GPS 9783,I,1987-09-29
6.0,4.807644046696705,2,GPS 9783,I,1987-10-01
13.0,5.9867571954363115,10,GPS 9783,I,1987-10-07
11.0,6.635846332593305,9,GPS 9783,I,1987-10-20
3.0,7.607727745746574,5,GPS 9783,I,1987-10-31
16.0,6.790423873767024,3,GPS 9783,I,1987-11-03
6.0,5.400886419619299,7,GPS 9783,I,1987-11-19
35.0,6.024805707486655,1,GPS 9783,I,1987-11-25
2.0,6.913851328574406,1,GPS 9783,I,1987-12-30
4.0,8.28406145689678,6,GPS 9783,I,1988-01-01
10.0,7.635199071159795,4,GPS 9783,I,1988-01-05
12.0,6.466646475662111,10,GPS 9783,I,1988-01-15
1.0,6.8511229630921395,4,GPS 9783,I,1988-01-27
355.0,7.496339263659328,8,GPS 9783,I,1988-01-28
115.0,13.886087007169376,3,GPS 9783,I,1989-01-17
161.0,19.319049706088773,1,GPS 9783,I,1989-05-12
2.0,15.693267164558698,6,GPS 9783,I,1989-10-20
1.0,3.861390048016407,10,GPS 9783,I,1989-10-22
14.0,3.0591026698651866,7,GPS 9783,I,1989-10-23
66.0,10.885757342853559,8,GPS 9783,I,1989-11-06
1.0,19.426196558154363,8,GPS 9783,I,1990-01-11
17.0,7.503946345757143,10,GPS 9783,I,1990-01-12
7.0,12.412386946080987,4,GPS 9783,I,1990-01-29
5.0,10.045090271979166,6,GPS 9783,I,1990-02-05
21.0,10.21425387334271,5,GPS 9783,I,1990-02-10
8.0,12.628707157807513,7,GPS 9783,I,1990-03-03
2.0,11.138013725211032,2,GPS 9783,I,1990-03-11
17.0,7.060732288709222,9,GPS 9783,I,1990-03-13
19.0,14.405251172945908,5,GPS 9783,I,1990-03-30
25.0,13.168496070225768,10,GPS 9783,I,1990-04-18
3.0,15.381390444769977,1,GPS 9783,I,1990-05-13
16.0,10.787662686486422,1,GPS 9783,I,1990-05-16
20.0,11.831413325539408,9,GPS 9783,I,1990-06-01
10.0,12.7679630013114,1,GPS 9783,I,1990-06-21
17.0,12.090858770757169,5,GPS 9794,I,1985-01-13
7.0,8.866666916349185,10,GPS 9794,I,1985-01-30
9.0,8.190947795918067,5,GPS 9794,I,1985-02-06
72.0,7.186158378907001,5,GPS 9794,I,1985-02-15
1.0,9.586368634314557,5,GPS 9794,I,1985-04-28
38.0,11.590985758855009,4,GPS 9794,I,1985-04-29
17.0,6.912340841984598,3,GPS 9794,I,1985-06-06
2.0,5.970119146864571,4,GPS 9794,I,1985-06-23
2.0,6.556806522462567,4,GPS 9794,I,1985-06-25
7.0,6.435351159879916,7,GPS 9794,I,1985-06-27
4.0,7.3264165467666835,2,GPS 9794,I,1985-07-04
6.0,7.408683067546869,2,GPS 9794,I,1985-07-08
2.0,7.2603693118667305,4,GPS 9794,I,1985-07-14
1.0,6.838706502520644,7,GPS 9794,I,1985-07-16
7.0,8.484350665709744,6,GPS 9794,I,1985-07-17
27.0,5.37705938280909,8,GPS 9794,I,1985-07-24
15.0,9.634731316322556,6,GPS 9794,I,1985-08-20
146.0,10.9056500623352,1,GPS 9794,I,1985-09-04
1.0,3.688972960271876,1,GPS 9794,I,1986-01-28
29.0,8.688453613187544,5,GPS 9794,I,1986-01-29
1.0,5.367944970899998,7,GPS 9794,I,1986-02-27
48.0,9.861234749308112,2,GPS 9794,I,1986-02-28
10.0,10.765052268928859,7,GPS 9794,I,1986-04-17
33.0,8.502471274709794,9,GPS 9794,I,1986-04-27
15.0,6.722562516492536,3,GPS 9794,I,1986-05-30
3.0,7.171945093633701,2,GPS 9794,I,1986-06-14
2.0,6.783799563941377,7,GPS 9794,I,1986-06-17
5.0,6.3120838391382925,6,GPS 9794,I,1986-06-19
4.0,7.852034249256542,9,GPS 9794,I,1986-06-24
3.0,8.124682265786292,10,GPS 9794,I,1986-06-28
8.0,7.982939367370006,6,GPS 9794,I,1986-07-01
9.0,7.372088446865005,8,GPS 9794,I,1986-07-09
4.0,4.732578365819544,10,GPS 9794,I,1986-07-18
3.0,5.260091911774547,9,GPS 9794,I,1986-07-22
11.0,3.7957713511825872,10,GPS 9794,I,1986-07-25
8.0,5.717133169937579,7,GPS 9794,I,1986-08-05
6.0,6.188649173559961,10,GPS 9794,I,1986-08-13
5.0,6.974285657801479,4,GPS 9794,I,1986-08-19
7.0,5.963208437391394,1,GPS 9794,I,1986-08-24
4.0,6.760174550930348,6,GPS 9794,I,1986-08-31
10.0,5.925711767293889,6,GPS 9794,I,1986-09-04
1.0,6.552413599159312,10,GPS 9794,I,1986-09-14
6.0,5.213183130278736,1,GPS 9794,I,1986-09-15
3.0,7.152391073335229,5,GPS 9794,I,1986-09-21
1.0,5.966606964669936,6,GPS 9794,I,1986-09-24
3.0,6.0389365264013914,7,GPS 9794,I,1986-09-25
7.0,6.179424064547499,10,GPS 9794,I,1986-09-28
19.0,5.480762013826711,9,GPS 9794,I,1986-10-05
63.0,5.175122435663127,7,GPS 9794,I,1986-10-24
17.0,4.839234226669225,1,GPS 9794,I,1986-12-26
1.0,6.21143590838393,2,GPS 9794,I,1987-01-12
15.0,7.286200332814232,6,GPS 9794,I,1987-01-13
1.0,5.224769053086574,4,GPS 9794,I,1987-01-28
5.0,7.030279758525854,7,GPS 9794,I,1987-01-29
37.0,6.9569053440288044,6,GPS 9794,I,1987-02-03
6.0,7.83114009552323,5,GPS 9794,I,1987-03-12
3.0,7.412323329224526,4,GPS 9794,I,1987-03-18
13.0,7.318228614102752,7,GPS 9794,I,1987-03-21
2.0,7.062261298125328,4,GPS 9794,I,1987-04-03
6.0,6.358569072823192,10,GPS 9794,I,1987-04-05
5.0,4.485380205982697,4,GPS 9794,I,1987-04-11
1.0,3.1494036822259908,10,GPS 9794,I,1987-04-16
4.0,4.79554081888943,9,GPS 9794,I,1987-04-17
7.0,2.950783421925726,7,GPS 9794,I,1987-04-21
2.0,2.9601958342711647,3,GPS 9794,I,1987-04-28
16.0,3.8630844970933484,2,GPS 9794,I,1987-04-30
2.0,6.964832912770108,8,GPS 9794,I,1987-05-16
2.0,4.882891103453261,4,GPS 9794,I,1987-05-18
18.0,4.9633255359924195,7,GPS 9794,I,1987-05-20
11.0,7.137437971066937,8,GPS 9794,I,1987-06-07
103.0,7.114532030527519,3,GPS 9794,I,1987-06-18
22.0,6.149218215235884,7,GPS 9794,I,1987-09-29
1.0,6.690239495118501,5,GPS 9794,I,1987-10-21
14.0,6.1962296238211305,6,GPS 9794,I,1987-10-22
16.0,7.100351941049297,8,GPS 9794,I,1987-11-05
12.0,6.542142395037139,5,GPS 9794,I,1987-11-21
5.0,6.780298811274481,10,GPS 9794,I,1987-12-03
2.0,5.694383180477878,9,GPS 9794,I,1987-12-08
17.0,6.707598993618861,8,GPS 9794,I,1987-12-10
3.0,6.0842497987716015,7,GPS 9794,I,1987-12-27
3.0,7.168545735835654,10,GPS 9794,I,1987-12-30
5.0,8.110936584388822,8,GPS 9794,I,1988-01-02
19.0,7.32891735476958,2,GPS 9794,I,1988-01-07
11.0,4.544184407820673,10,GPS 9794,I,1988-01-26
30.0,18.86349502548748,9,GPS 9794,I,1989-05-03
9.0,11.952299309318331,9,GPS 9794,I,1989-06-02
13.0,8.479839965949045,7,GPS 9794,I,1989-06-11
4.0,8.966255935536882,4,GPS 9794,I,1989-06-24
2.0,9.888767061806195,7,GPS 9794,I,1989-06-28
46.0,9.997832294179043,1,GPS 9794,I,1989-06-30
1.0,12.7495041855698,7,GPS 9794,I,1989-08-15
40.0,8.154977682592095,9,GPS 9794,I,1989-08-16
24.0,11.914529217671035,7,GPS 9794,I,1989-09-25
1.0,6.191261358161999,10,GPS 9794,I,1989-10-19
3.0,2.3312104023478764,10,GPS 9794,I,1989-10-20
1.0,4.692959994764502,1,GPS 9794,I,1989-10-23
1.0,4.112866445592665,10,GPS 9794,I,1989-10-24
18.0,2.7358583717013047,8,GPS 9794,I,1989-10-25
3.0,13.90831404676388,6,GPS 9794,I,1989-11-12
87.0,5.057397413870003,2,GPS 9794,I,1989-11-15
62.0,16.805887212852777,7,GPS 9794,I,1990-02-10
3.0,19.17756174742527,5,GPS 9794,I,1990-04-13
1.0,11.962020968495729,10,GPS 9794,I,1990-04-16
24.0,9.186741629772797,9,GPS 9794,I,1990-04-17
13.0,14.990893428180758,1,GPS 9794,I,1990-05-11
16.0,12.8049768491063,10,GPS 9794,I,1990-05-24
53.0,12.195303646223351,2,GPS 9794,I,1990-06-09
5.0,12.825888198479413,5,GPS 9794,I,1990-08-01
68.0,25.532873544337356,6,IRON 9364,G,1987-01-11
158.0,25.05406846399849,6,IRON 9364,G,1987-03-20
6.0,21.989729856340695,9,IRON 9364,G,1987-08-25
1.0,14.093586732230195,7,IRON 9364,G,1987-08-31
9.0,8.521626880027265,6,IRON 9364,G,1987-09-01
39.0,11.824302956440128,9,IRON 9364,G,1987-09-10
37.0,19.820819328507707,8,IRON 9364,G,1987-10-19
99.0,27.462343709579976,3,IRON 9364,G,1987-11-25
14.0,25.7191797732062,9,IRON 9364,G,1988-03-03
133.0,14.85288952374552,1,IRON 9364,G,1988-03-17
18.0,41.21139126976436,1,IRON 9364,G,1989-10-01
28.0,11.506300685322776,3,IRON 9364,G,1989-10-19
3.0,23.156291990423973,10,IRON 9364,G,1989-11-16
285.0,6.908354455802849,1,IRON 9364,G,1989-11-19
5.0,22.555683029254705,6,IRON 9364,G,1990-08-31
2.0,4.996246726525532,2,IRON 9364,G,1990-09-05
109.0,2.3859786672165875,6,IRON 9364,G,1990-09-07
75.0,34.07978963388747,8,IRON 9364,G,1990-12-25
171.0,24.80285467079266,5,IRON 9364,G,1991-03-10
145.0,29.82586109796739,3,IRON 9364,G,1991-08-28
46.0,40.13334275183807,6,IRON 9364,G,1992-01-20
166.0,20.295442724527078,7,IRON 9364,G,1992-03-06
158.0,17.7842791478171,7,IRON 9366,G,1987-04-15
39.0,28.635971573023618,10,IRON 9366,G,1987-09-20
39.0,22.921040670613053,10,IRON 9366,G,1987-10-29
84.0,28.806995378137202,4,IRON 9366,G,1987-12-07
251.0,32.119718396878156,5,IRON 9366,G,1988-02-29
13.0,44.28631734638496,2,IRON 9366,G,1990-11-17
3.0,17.645011275767175,5,IRON 9366,G,1990-11-30
6.0,6.25333020389953,4,IRON 9366,G,1990-12-03
1.0,11.689997737739397,5,IRON 9366,G,1990-12-09
2.0,2.7222020697414067,7,IRON 9366,G,1990-12-10
8.0,4.8140822757295005,7,IRON 9366,G,1990-12-12
23.0,14.551977832464592,5,IRON 9366,G,1990-12-20
33.0,16.643341830364626,1,IRON 9366,G,1991-01-12
5.0,22.416977636308317,7,IRON 9366,G,1991-02-14
4.0,4.693606093545274,2,IRON 9366,G,1991-02-19
7.0,3.1203466492665903,8,IRON 9366,G,1991-02-23
1.0,5.852793477059793,1,IRON 9366,G,1991-03-02
3.0,1.631747092282053,8,IRON 9366,G,1991-03-03
3.0,3.3063587367568577,1,IRON 9366,G,1991-03-06
4.0,3.10897449763395,10,IRON 9366,G,1991-03-09
1.0,4.461187130824758,4,IRON 9366,G,1991-03-13
39.0,2.6232598591906733,3,IRON 9366,G,1991-03-14
38.0,19.851903202821724,7,IRON 9366,G,1991-04-22
19.0,13.836674099369857,1,IRON 9366,G,1991-05-30
95.0,10.719403741095105,5,IRON 9366,G,1991-06-18
237.0,22.553084086239902,10,IRON 9434,G,1987-01-09
6.0,28.73170605983573,9,IRON 9434,G,1987-09-03
7.0,15.386013672941582,10,IRON 9434,G,1987-09-09
1.0,17.11970886135574,1,IRON 9434,G,1987-09-16
43.0,33.11888889339363,1,IRON 9434,G,1990-06-05
15.0,15.547908677411872,6,IRON 9434,G,1990-07-18
3.0,11.394282151021878,1,IRON 9434,G,1990-08-02
5.0,4.656502153002775,2,IRON 9434,G,1990-08-05
1.0,6.4554944116043345,7,IRON 9434,G,1990-08-10
1.0,4.186803271701864,4,IRON 9434,G,1990-08-11
4.0,3.83024563920986,6,IRON 9434,G,1990-08-12
2.0,2.38550796717894,10,IRON 9434,G,1990-08-16
1.0,1.4298660027823917,3,IRON 9434,G,1990-08-18
1.0,1.8207811858951253,5,IRON 9434,G,1990-08-19
1.0,2.295426999712957,3,IRON 9434,G,1990-08-20
1.0,2.1012508359251285,8,IRON 9434,G,1990-08-21
2.0,1.0951233550677433,9,IRON 9434,G,1990-08-22
2.0,1.2038840884590005,5,IRON 9434,G,1990-08-24
4.0,1.4849452608543583,5,IRON 9434,G,1990-08-26
9.0,1.0321203130274732,4,IRON 9434,G,1990-08-30
3.0,5.903376342090819,5,IRON 9434,G,1990-09-08
1.0,3.44979685025225,6,IRON 9434,G,1990-09-11
1.0,4.898213441451663,5,IRON 9434,G,1990-09-12
1.0,3.291184600024698,7,IRON 9434,G,1990-09-13
7.0,1.6310834649203798,9,IRON 9434,G,1990-09-14
1.0,6.850771769397687,9,IRON 9434,G,1990-09-21
3.0,2.265107192057414,1,IRON 9434,G,1990-09-22
2.0,3.0681591614560944,1,IRON 9434,G,1990-09-25
1.0,2.994168916652761,9,IRON 9434,G,1990-09-27
2.0,2.847220228452512,1,IRON 9434,G,1990-09-28
3.0,2.1315280567466797,10,IRON 9434,G,1990-09-30
10.0,3.6718017592050742,1,IRON 9434,G,1990-10-03
13.0,5.9451210397705125,3,IRON 9434,G,1990-10-13
1.0,13.013644763790193,5,IRON 9434,G,1990-10-26
1.0,1.3280007319981628,7,IRON 9434,G,1990-10-27
1.0,1.5338059393418089,2,IRON 9434,G,1990-10-28
1.0,1.691957977886549,1,IRON 9434,G,1990-10-29
1.0,1.1013745830329036,10,IRON 9434,G,1990-10-30
1.0,1.3532904983381169,3,IRON 9434,G,1990-10-31
2.0,2.108540574935093,10,IRON 9434,G,1990-11-01
3.0,4.166001879545924,5,IRON 9434,G,1990-11-03
9.0,5.545949502162554,1,IRON 9434,G,1990-11-06
2.0,11.295929192765835,9,IRON 9434,G,1990-11-15
1.0,3.8415612445833727,1,IRON 9434,G,1990-11-17
3.0,3.1085294851505783,3,IRON 9434,G,1990-11-18
1.0,4.702613766326069,10,IRON 9434,G,1990-11-21
54.0,3.017297817849757,9,IRON 9434,G,1990-11-22
1.0,16.593297350261405,5,IRON 9434,G,1991-01-15
3.0,6.7360255992046465,7,IRON 9434,G,1991-01-16
1.0,5.909710557755044,10,IRON 9434,G,1991-01-19
1.0,6.521120733525439,7,IRON 9434,G,1991-01-20
1.0,5.3574825782284705,5,IRON 9434,G,1991-01-21
3.0,5.298857754395604,3,IRON 9434,G,1991-01-22
2.0,6.6187355519252336,9,IRON 9434,G,1991-01-25
11.0,4.267388959736712,6,IRON 9434,G,1991-01-27
2.0,10.652083644837262,7,IRON 9434,G,1991-02-07
1.0,2.9038053414241443,7,IRON 9434,G,1991-02-09
1.0,1.6136021037110861,2,IRON 9434,G,1991-02-10
1.0,1.4604249029779872,1,IRON 9434,G,1991-02-11
1.0,1.6679616300596596,9,IRON 9434,G,1991-02-12
1.0,1.4483169035077292,1,IRON 9434,G,1991-02-13
1.0,1.490665855201101,2,IRON 9434,G,1991-02-14
2.0,0.9822208926179439,10,IRON 9434,G,1991-02-15
1.0,1.767371728352387,6,IRON 9434,G,1991-02-17
1.0,1.08819647003887,9,IRON 9434,G,1991-02-18
1.0,2.2250968980563126,7,IRON 9434,G,1991-02-19
6.0,1.1342751930037416,9,IRON 9434,G,1991-02-20
15.0,4.1831100927695015,1,IRON 9434,G,1991-02-26
14.0,6.89817265929196,1,IRON 9434,G,1991-03-13
6.0,8.249204235262876,3,IRON 9434,G,1991-03-27
11.0,4.478908075797602,8,IRON 9434,G,1991-04-02
1.0,6.596360868683771,8,IRON 9434,G,1991-04-13
2.0,4.000732257655727,8,IRON 9434,G,1991-04-14
6.0,3.98525562046623,1,IRON 9434,G,1991-04-16
3.0,5.038809602940235,7,IRON 9434,G,1991-04-22
8.0,3.3123875754902077,7,IRON 9434,G,1991-04-25
1.0,4.0303044493391464,2,IRON 9434,G,1991-05-03
1.0,3.0550930930042917,1,IRON 9434,G,1991-05-04
2.0,3.022705022559302,1,IRON 9434,G,1991-05-05
12.0,1.3883586539076003,2,IRON 9434,G,1991-05-07
1.0,-0.3984093788835015,3,IRON 9434,G,1991-05-19
1.0,2.9014095224241867,6,IRON 9434,G,1991-05-20
1.0,2.2952348365333073,3,IRON 9434,G,1991-05-21
2.0,3.1198958673369255,1,IRON 9434,G,1991-05-22
1.0,0.7602976794157161,9,IRON 9434,G,1991-05-24
1.0,1.9222402766496067,2,IRON 9434,G,1991-05-25
5.0,1.6731335378590426,10,IRON 9434,G,1991-05-26
1.0,1.6100785625973622,7,IRON 9434,G,1991-05-31
1.0,1.5367864702252358,4,IRON 9434,G,1991-06-01
1.0,1.9116643954691668,1,IRON 9434,G,1991-06-02
1.0,1.5524869023275691,4,IRON 9434,G,1991-06-03
1.0,1.4460323156545023,2,IRON 9434,G,1991-06-04
1.0,1.7751170703181103,1,IRON 9434,G,1991-06-05
1.0,1.116389355420429,8,IRON 9434,G,1991-06-06
1.0,1.3913014359423794,2,IRON 9434,G,1991-06-07
1.0,1.223117348008449,5,IRON 9434,G,1991-06-08
2.0,0.9572099741880837,10,IRON 9434,G,1991-06-09
1.0,1.0639348648885,1,IRON 9434,G,1991-06-11
3.0,0.8266484933357034,7,IRON 9434,G,1991-06-12
1.0,1.732149969494019,8,IRON 9434,G,1991-06-15
1.0,0.9391231734893868,2,IRON 9434,G,1991-06-16
1.0,1.013528683851657,9,IRON 9434,G,1991-06-17
1.0,1.079955850072345,6,IRON 9434,G,1991-06-18
1.0,1.1094922200063184,3,IRON 9434,G,1991-06-19
1.0,1.073843860806491,5,IRON 9434,G,1991-06-20
2.0,1.0583916509960272,8,IRON 9434,G,1991-06-21
1.0,1.321282913480621,10,IRON 9434,G,1991-06-23
1.0,0.9236633486114183,2,IRON 9434,G,1991-06-24
1.0,0.9536828282523668,9,IRON 9434,G,1991-06-25
1.0,0.9243858682139159,8,IRON 9434,G,1991-06-26
1.0,0.9190792411385829,6,IRON 9434,G,1991-06-27
1.0,0.885393113064417,3,IRON 9434,G,1991-06-28
1.0,0.9508300800618787,5,IRON 9434,G,1991-06-29
2.0,0.9137765690646695,8,IRON 9434,G,1991-06-30
1.0,1.13132149576038,5,IRON 9434,G,1991-07-02
1.0,1.2131659130226211,1,IRON 9434,G,1991-07-03
2.0,1.1536310748815382,4,IRON 9434,G,1991-07-04
3.0,1.1252956473768059,1,IRON 9434,G,1991-07-06
1.0,2.1247082934494177,2,IRON 9434,G,1991-07-09
1.0,1.3089659721863303,6,IRON 9434,G,1991-07-10
1.0,1.3078214240905979,8,IRON 9434,G,1991-07-11
1.0,1.12376167784757,5,IRON 9434,G,1991-07-12
1.0,1.2067660313534887,7,IRON 9434,G,1991-07-13
2.0,1.168899819274312,6,IRON 9434,G,1991-07-14
1.0,1.5842628086311947,10,IRON 9434,G,1991-07-16
1.0,1.104497022576778,5,IRON 9434,G,1991-07-17
1.0,0.9941503350338312,3,IRON 9434,G,1991-07-18
1.0,0.9394445709618218,10,IRON 9434,G,1991-07-19
6.0,1.0015367340018209,8,IRON 9434,G,1991-07-20
2.0,4.534392204688311,3,IRON 9434,G,1991-07-26
1.0,1.202560012460557,4,IRON 9434,G,1991-07-28
2.0,0.6894087696337543,4,IRON 9434,G,1991-07-29
1.0,0.7364956511614427,6,IRON 9434,G,1991-07-31
4.0,0.726388603520915,9,IRON 9434,G,1991-08-01
2.0,1.7998139919715417,2,IRON 9434,G,1991-08-05
1.0,0.9590760786121475,9,IRON 9434,G,1991-08-07
1.0,0.8937306885438812,3,IRON 9434,G,1991-08-08
1.0,22.884010034182257,8,IRON 9442,G,1987-03-08
119.0,8.062974737887501,10,IRON 9442,G,1987-03-09
12.0,38.01930348651433,3,IRON 9442,G,1987-07-06
48.0,23.630544505461756,1,IRON 9442,G,1987-07-18
7.0,23.583038202314444,1,IRON 9442,G,1987-09-04
8.0,13.077797705429878,10,IRON 9442,G,1987-09-11
30.0,12.651623528881439,6,IRON 9442,G,1987-09-19
133.0,22.13074887432081,5,IRON 9442,G,1987-10-19
5.0,40.58576074436046,2,IRON 9442,G,1989-09-05
1.0,8.481315149011799,9,IRON 9442,G,1989-09-10
42.0,2.6294022724495285,9,IRON 9442,G,1989-09-11
172.0,21.91884593819341,2,IRON 9442,G,1989-10-23
126.0,32.96709363854899,9,IRON 9442,G,1990-04-13
49.0,19.550091468062483,4,IRON 9442,G,1990-08-17
9.0,16.780123254419653,6,IRON 9442,G,1990-10-05
156.0,5.4348560742575085,8,IRON 9442,G,1990-10-14
115.0,34.107961305615845,7,IRON 9442,G,1991-03-19
310.0,24.521192201853687,1,IRON 9442,G,1991-07-12
98.0,32.8495291288132,5,IRON 9442,G,1992-05-17
16.0,20.35684834159083,2,IRON 9442,G,1992-08-23
22.0,9.442879752523147,6,IRON 9442,G,1992-09-08
3.0,11.237937938835255,6,IRON 9442,G,1992-09-30
292.0,29.830023395146277,7,IRON 9443,G,1986-11-29
31.0,29.35539692121067,7,IRON 9443,G,1987-09-17
2.0,25.081964480983725,3,IRON 9443,G,1987-10-18
10.0,11.45227851319212,10,IRON 9443,G,1987-10-20
115.0,13.71603940657953,5,IRON 9443,G,1987-10-30
336.0,27.083646310903145,9,IRON 9443,G,1988-02-22
44.0,49.5386220366923,6,IRON 9443,G,1989-01-23
244.0,20.452475853323786,10,IRON 9443,G,1989-03-08
92.0,42.826367705271494,5,IRON 9443,G,1989-11-07
23.0,37.92179827004897,6,IRON 9443,G,1990-02-07
206.0,14.108839246471913,9,IRON 9443,G,1990-03-02
23.0,27.59158416649717,6,IRON 9443,G,1990-09-24
2.0,12.031207320391145,8,IRON 9443,G,1990-10-17
13.0,2.4711881990739712,1,IRON 9443,G,1990-10-19
334.0,13.725559757202022,10,IRON 9443,G,1990-11-01
22.0,26.114104171879326,9,IRON 9443,G,1991-10-01
53.0,10.896527867317095,2,IRON 9443,G,1991-10-23
22.0,31.017790382651746,7,IRON 9443,G,1991-12-15
14.0,20.420216714937908,6,IRON 9443,G,1992-01-06
232.0,15.963065502710487,5,IRON 9443,G,1992-01-20
13.0,19.553584396409576,1,IRON 9443,G,1992-09-08
11.0,9.479646586023401,5,IRON 9443,G,1992-09-21
2.0,9.274330482297158,8,IRON 9443,G,1992-10-02
5.0,11.134976273945387,6,MARECS-A,G,1982-01-27
1.0,7.226561084314083,5,MARECS-A,G,1982-02-01
2.0,4.495033265372944,2,MARECS-A,G,1982-02-02
1.0,4.5263469162266095,2,MARECS-A,G,1982-02-04
5.0,1.8352617290692805,4,MARECS-A,G,1982-02-05
1.0,5.5324100822451445,8,MARECS-A,G,1982-02-10
2.0,2.708655792891701,9,MARECS-A,G,1982-02-11
1.0,2.7012256710647975,8,MARECS-A,G,1982-02-13
4.0,1.78821262109604,2,MARECS-A,G,1982-02-14
1.0,3.892331972622907,8,MARECS-A,G,1982-02-18
1.0,1.9009138891226396,6,MARECS-A,G,1982-02-19
2.0,1.9129395838603251,7,MARECS-A,G,1982-02-20
2.0,2.6299451595437553,4,MARECS-A,G,1982-02-22
1.0,2.331810477259271,9,MARECS-A,G,1982-02-24
2.0,1.243867633508163,3,MARECS-A,G,1982-02-25
3.0,1.7860815555520446,1,MARECS-A,G,1982-02-27
184.0,33.66818075752278,10,MARECS-A,G,1984-03-01
69.0,23.158462046786823,4,MARECS-A,G,1984-09-01
297.0,25.67238386099592,1,MARECS-A,G,1984-11-09
159.0,21.311656547117725,7,MARECS-A,G,1985-09-02
4.0,28.003803463011728,10,MARECS-A,G,1986-02-08
10.0,3.752104222153678,6,MARECS-A,G,1986-02-12
2.0,10.044567858602978,3,MARECS-A,G,1986-02-22
3.0,2.6546603075324775,8,MARECS-A,G,1986-02-24
4.0,4.9403460302076265,2,MARECS-A,G,1986-02-27
4.0,4.21623998135798,3,MARECS-A,G,1986-03-03
2.0,4.434569172378705,7,MARECS-A,G,1986-03-07
3.0,1.7921014724553253,8,MARECS-A,G,1986-03-09
10.0,2.8749762877851275,5,MARECS-A,G,1986-03-12
4.0,7.324663349511967,4,MARECS-A,G,1986-03-22
1.0,3.664407794667321,10,MARECS-A,G,1986-03-26
7.0,1.3285502163302656,4,MARECS-A,G,1986-03-27
7.0,7.194191249980717,2,MARECS-A,G,1986-04-03
22.0,7.248926180266697,5,MARECS-A,G,1986-04-10
3.0,13.708824491588576,5,MARECS-A,G,1986-05-02
1.0,5.354290918895586,9,MARECS-A,G,1986-05-05
1.0,4.445766215524049,1,MARECS-A,G,1986-05-06
58.0,3.6146461879973284,2,MARECS-A,G,1986-05-07
23.0,17.144088106166667,8,MARECS-A,G,1986-07-04
2.0,11.982410112280107,7,MARECS-A,G,1986-07-27
1.0,6.111292219819521,7,MARECS-A,G,1986-07-29
14.0,4.938131149166972,4,MARECS-A,G,1986-07-30
8.0,7.24630100767857,10,MARECS-A,G,1986-08-13
1.0,5.9412605808068,9,MARECS-A,G,1986-08-21
1.0,4.989312514453079,5,MARECS-A,G,1986-08-22
1.0,4.8545623856696505,7,MARECS-A,G,1986-08-23
5.0,4.751412538855584,8,MARECS-A,G,1986-08-24
1.0,5.530330867585086,10,MARECS-A,G,1986-08-29
5.0,4.626462508457649,6,MARECS-A,G,1986-08-30
8.0,4.80459261412228,3,MARECS-A,G,1986-09-04
3.0,4.9236898025398474,9,MARECS-A,G,1986-09-12
4.0,3.5707776645652256,4,MARECS-A,G,1986-09-15
4.0,4.514281842108941,3,MARECS-A,G,1986-09-19
2.0,4.211764166363116,1,MARECS-A,G,1986-09-23
2.0,3.4496167299357516,2,MARECS-A,G,1986-09-25
3.0,3.4616585031433136,5,MARECS-A,G,1986-09-27
2.0,3.996632067627827,3,MARECS-A,G,1986-09-30
1.0,3.598384824751303,1,MARECS-A,G,1986-10-02
2.0,2.3007361472560497,4,MARECS-A,G,1986-10-03
10.0,2.497748289363347,10,MARECS-A,G,1986-10-05
3.0,6.062364000727923,3,MARECS-A,G,1986-10-15
1.0,3.8916610455105207,4,MARECS-A,G,1986-10-18
5.0,3.127113452645524,4,MARECS-A,G,1986-10-19
3.0,6.718590590825972,6,MARECS-A,G,1986-10-24
8.0,5.639541524527196,3,MARECS-A,G,1986-10-27
21.0,11.933685119981277,1,MARECS-A,G,1986-11-04
4.0,11.063558637747562,1,MARECS-A,G,1986-11-25
14.0,28.53030748745624,9,MARECS-A,G,1989-03-03
12.0,6.7981068477612165,3,MARECS-A,G,1989-03-17
2.0,6.079755488451772,4,MARECS-A,G,1989-03-29
223.0,22.831442666435358,8,METEOSAT-1,G,1977-05-04
1.0,37.722002203464484,6,METEOSAT-1,G,1977-12-13
21.0,11.206527116902516,9,METEOSAT-1,G,1977-12-14
2.0,23.44657953568318,3,METEOSAT-1,G,1978-01-04
4.0,9.006608538907129,8,METEOSAT-1,G,1978-01-06
4.0,12.639944974896622,2,METEOSAT-1,G,1978-01-10
1.0,10.05015987797346,8,METEOSAT-1,G,1978-01-14
20.0,6.880868432611347,8,METEOSAT-1,G,1978-01-15
6.0,18.984035798230103,5,METEOSAT-1,G,1978-02-04
17.0,7.958025078176696,3,METEOSAT-1,G,1978-02-10
3.0,16.23743869583457,5,METEOSAT-1,G,1978-02-27
2.0,3.3296052592642535,9,METEOSAT-1,G,1978-03-02
13.0,2.0632333200864625,6,METEOSAT-1,G,1978-03-04
1.0,13.466386111539887,8,METEOSAT-1,G,1978-03-17
1.0,3.2157744641141903,4,METEOSAT-1,G,1978-03-18
1.0,2.3834551159630237,5,METEOSAT-1,G,1978-03-19
2.0,2.975106308399951,8,METEOSAT-1,G,1978-03-20
6.0,2.517593697607328,5,METEOSAT-1,G,1978-03-22
1.0,6.372418190295404,10,METEOSAT-1,G,1978-03-28
2.0,3.5166996229331335,6,METEOSAT-1,G,1978-03-29
1.0,3.692938184817102,4,METEOSAT-1,G,1978-03-31
2.0,4.703318972981485,2,METEOSAT-1,G,1978-04-01
12.0,4.1059912426582965,3,METEOSAT-1,G,1978-04-03
8.0,9.670741785511797,1,METEOSAT-1,G,1978-04-15
8.0,6.475007831822824,5,METEOSAT-1,G,1978-04-23
2.0,8.649191279353523,8,METEOSAT-1,G,1978-05-01
1.0,3.4062172389444356,3,METEOSAT-1,G,1978-05-03
1.0,3.773771275175486,4,METEOSAT-1,G,1978-05-04
1.0,3.4923516114533406,2,METEOSAT-1,G,1978-05-05
4.0,3.8347842519049085,10,METEOSAT-1,G,1978-05-06
1.0,5.575520981545928,2,METEOSAT-1,G,1978-05-10
3.0,4.5795954823622775,9,METEOSAT-1,G,1978-05-11
10.0,5.643774669578143,10,METEOSAT-1,G,1978-05-14
2.0,8.288074693568609,3,METEOSAT-1,G,1978-05-24
10.0,5.091627980052094,4,METEOSAT-1,G,1978-05-26
2.0,9.40371859976041,2,METEOSAT-1,G,1978-06-05
3.0,5.553699498543645,5,METEOSAT-1,G,1978-06-07
2.0,5.940134731784639,5,METEOSAT-1,G,1978-06-10
5.0,6.713182815892605,10,METEOSAT-1,G,1978-06-12
4.0,6.49630046330082,5,METEOSAT-1,G,1978-06-17
1.0,6.838244778889463,10,METEOSAT-1,G,1978-06-21
2.0,6.2605562876530385,7,METEOSAT-1,G,1978-06-22
1.0,5.904680230577355,4,METEOSAT-1,G,1978-06-24
10.0,4.452496822983086,8,METEOSAT-1,G,1978-06-25
3.0,9.973249193937784,7,METEOSAT-1,G,1978-07-05
11.0,5.725302979339039,5,METEOSAT-1,G,1978-07-08
19.0,9.871329614537645,2,METEOSAT-1,G,1978-07-19
5.0,6.137868989404831,10,METEOSAT-1,G,1978-08-07
8.0,6.9872462820637775,3,METEOSAT-1,G,1978-08-12
9.0,4.846623811278814,7,METEOSAT-1,G,1978-08-20
1.0,6.632115456133887,8,METEOSAT-1,G,1978-08-29
1.0,8.344837790360543,4,METEOSAT-1,G,1978-08-30
3.0,7.182664869611301,10,METEOSAT-1,G,1978-08-31
2.0,4.489110551647984,10,METEOSAT-1,G,1978-09-03
8.0,5.125397036848408,6,METEOSAT-1,G,1978-09-05
1.0,8.294063200927056,2,METEOSAT-1,G,1978-09-13
13.0,5.846554121827143,9,METEOSAT-1,G,1978-09-14
3.0,11.926344955765362,8,METEOSAT-1,G,1978-09-27
1.0,8.008679959630177,8,METEOSAT-1,G,1978-09-30
5.0,6.829217585818691,10,METEOSAT-1,G,1978-10-01
15.0,6.8969136643459095,5,METEOSAT-1,G,1978-10-06
9.0,13.857624017685257,7,METEOSAT-1,G,1978-10-21
9.0,10.159433942584915,1,METEOSAT-1,G,1978-10-30
7.0,11.79597237676553,2,METEOSAT-1,G,1978-11-08
10.0,6.100354416700032,4,METEOSAT-1,G,1978-11-15
25.0,7.543254580764419,9,METEOSAT-1,G,1978-11-25
6.0,18.921197139640572,3,METEOSAT-1,G,1978-12-20
1.0,9.90768162341529,7,METEOSAT-1,G,1978-12-26
7.0,4.385193959265729,2,METEOSAT-1,G,1978-12-27
21.0,4.714244126525294,6,METEOSAT-2,G,1981-09-08
56.0,11.291705240883726,5,METEOSAT-2,G,1981-09-29
85.0,27.661833835677044,6,METEOSAT-2,G,1981-11-24
26.0,23.12223954945592,8,METEOSAT-2,G,1982-02-17
6.0,21.471518018642215,8,METEOSAT-2,G,1982-03-15
6.0,5.984539099491148,7,METEOSAT-2,G,1982-03-21
15.0,6.327261114488792,5,METEOSAT-2,G,1982-03-27
3.0,14.047709037917606,9,METEOSAT-2,G,1982-04-11
52.0,7.074340068640499,5,METEOSAT-2,G,1982-04-14
10.0,19.174623007844794,5,METEOSAT-2,G,1982-06-05
17.0,10.863440093720751,10,METEOSAT-2,G,1982-06-15
22.0,12.877824628373034,3,METEOSAT-2,G,1982-07-02
17.0,15.604130870566802,2,METEOSAT-2,G,1982-07-24
24.0,10.292549798782797,6,METEOSAT-2,G,1982-08-10
19.0,17.117304341185335,9,METEOSAT-2,G,1982-09-03
1.0,11.621496664323972,8,METEOSAT-2,G,1982-09-22
2.0,3.8630243440012055,7,METEOSAT-2,G,1982-09-23
5.0,4.061465693233886,4,METEOSAT-2,G,1982-09-25
20.0,5.179130268326583,3,METEOSAT-2,G,1982-09-30
76.0,11.090806367469355,8,METEOSAT-2,G,1982-10-20
33.0,29.518758334601756,1,METEOSAT-2,G,1983-01-04
13.0,13.312434216609098,7,METEOSAT-2,G,1983-02-06
17.0,6.375550153197876,2,METEOSAT-2,G,1983-02-19
4.0,7.54477362913178,10,METEOSAT-2,G,1983-03-08
8.0,4.87387339211319,2,METEOSAT-2,G,1983-03-12
15.0,7.011185514696821,8,METEOSAT-2,G,1983-03-20
26.0,10.316486510254904,4,METEOSAT-2,G,1983-04-04
79.0,18.04885306855855,8,METEOSAT-2,G,1983-04-30
36.0,20.178124612489967,4,METEOSAT-2,G,1983-07-18
2.0,13.200300401061273,9,METEOSAT-2,G,1983-08-23
23.0,6.271801801714178,2,METEOSAT-2,G,1983-08-25
14.0,8.536991261831325,6,METEOSAT-2,G,1983-09-17
26.0,9.048706428415496,6,METEOSAT-2,G,1983-10-01
24.0,15.312922809943798,7,METEOSAT-2,G,1983-10-27
47.0,13.070299482963641,7,METEOSAT-2,G,1983-11-20
53.0,17.319042122429938,7,METEOSAT-2,G,1984-01-06
23.0,20.631783978133825,5,METEOSAT-2,G,1984-02-28
10.0,12.257515292092794,4,METEOSAT-2,G,1984-03-22
2.0,8.122875373747648,6,METEOSAT-2,G,1984-04-01
4.0,3.15479828289757,7,METEOSAT-2,G,1984-04-03
13.0,3.5701802944358114,5,METEOSAT-2,G,1984-04-07
8.0,6.318393188748965,7,METEOSAT-2,G,1984-04-20
4.0,4.57727178355241,7,METEOSAT-2,G,1984-04-28
21.0,5.225264990062511,4,METEOSAT-2,G,1984-05-02
5.0,13.353070588566156,4,METEOSAT-2,G,1984-05-23
23.0,4.837959654200279,8,METEOSAT-2,G,1984-05-28
4.0,10.499271810400158,1,METEOSAT-2,G,1984-06-20
22.0,6.870923178755339,8,METEOSAT-2,G,1984-06-24
1.0,9.357361559497898,2,METEOSAT-2,G,1984-07-16
9.0,8.655812784252754,4,METEOSAT-2,G,1984-07-17
8.0,8.5753916471992,8,METEOSAT-2,G,1984-07-26
33.0,7.19477620625476,2,METEOSAT-2,G,1984-08-03
19.0,8.059837144733034,8,METEOSAT-2,G,1984-09-05
1.0,7.102918942457196,4,METEOSAT-2,G,1984-09-24
2.0,4.368897738245067,5,METEOSAT-2,G,1984-09-25
3.0,4.696838923264947,3,METEOSAT-2,G,1984-09-27
4.0,4.354314701861263,6,METEOSAT-2,G,1984-09-30
4.0,4.623360169681554,10,METEOSAT-2,G,1984-10-04
13.0,5.794036260136137,1,METEOSAT-2,G,1984-10-08
1.0,7.1098048005614665,6,METEOSAT-2,G,1984-10-21
5.0,3.293731714898289,3,METEOSAT-2,G,1984-10-22
17.0,4.131870983834098,10,METEOSAT-2,G,1984-10-27
3.0,9.291024814247784,7,METEOSAT-2,G,1984-11-13
34.0,5.42306515474044,1,METEOSAT-2,G,1984-11-16
39.0,14.397944674605416,5,METEOSAT-2,G,1984-12-20
11.0,13.163836471524316,1,METEOSAT-2,G,1985-01-28
59.0,6.377868961794274,3,METEOSAT-2,G,1985-02-08
16.0,17.590059753138426,1,METEOSAT-2,G,1985-04-08
4.0,9.09811535168599,10,METEOSAT-2,G,1985-04-24
1.0,5.243308610408386,6,METEOSAT-2,G,1985-04-28
4.0,2.9004176090599803,3,METEOSAT-2,G,1985-04-29
7.0,6.0526358094096615,9,METEOSAT-2,G,1985-05-03
25.0,7.095664733651089,5,METEOSAT-2,G,1985-05-10
4.0,13.219035653421113,6,METEOSAT-2,G,1985-06-04
27.0,7.063554197590642,8,METEOSAT-2,G,1985-06-08
2.0,10.8513082418651,5,METEOSAT-2,G,1985-07-05
7.0,6.864753313473091,4,METEOSAT-2,G,1985-07-07
13.0,7.166761521549878,3,METEOSAT-2,G,1985-07-14
14.0,8.868709578510979,6,METEOSAT-2,G,1985-07-27
4.0,6.596455939760755,5,METEOSAT-2,G,1985-08-10
2.0,5.5686493974516384,3,METEOSAT-2,G,1985-08-14
15.0,5.861811283756474,3,METEOSAT-2,G,1985-08-16
2.0,6.616780764916628,10,METEOSAT-2,G,1985-08-31
13.0,4.644639664728347,1,METEOSAT-2,G,1985-09-02
2.0,5.7827290106536235,1,METEOSAT-2,G,1985-09-15
327.0,4.6799533893839325,4,METEOSAT-2,G,1985-09-17
13.0,15.248595317039346,7,METEOSAT-2,G,1986-08-10
6.0,5.31253317028594,9,METEOSAT-2,G,1986-08-23
3.0,4.742222852576928,4,METEOSAT-2,G,1986-08-29
18.0,2.891440659950442,7,METEOSAT-2,G,1986-09-01
5.0,5.273069487267671,1,METEOSAT-2,G,1986-09-19
6.0,3.30869930547113,10,METEOSAT-2,G,1986-09-24
4.0,3.3565489955586596,4,METEOSAT-2,G,1986-09-30
18.0,2.7481832516728897,9,METEOSAT-2,G,1986-10-04
122.0,7.175201006392808,7,NOAA-11,P,1988-09-27
39.0,22.14143332482993,3,NOAA-11,P,1989-01-27
7.0,35.22307953901936,8,NOAA-11,P,1989-03-07
2.0,21.03640151712893,4,NOAA-11,P,1989-03-14
28.0,17.756395268334845,4,NOAA-11,P,1989-03-16
61.0,18.580648567442214,7,NOAA-11,P,1989-04-13
55.0,9.056178293969463,2,NOAA-11,P,1989-06-13
29.0,13.533429876446679,9,NOAA-11,P,1989-08-07
14.0,10.980792497420666,9,NOAA-11,P,1989-09-05
8.0,9.37081318043482,2,NOAA-11,P,1989-09-19
4.0,8.086752738447625,10,NOAA-11,P,1989-09-27
106.0,7.714685482149585,6,NOAA-11,P,1989-10-01
130.0,22.296856425496518,4,NOAA-11,P,1990-01-15
55.0,18.912490965524512,6,NOAA-11,P,1990-05-25
1.0,13.955491486651795,7,NOAA-11,P,1990-07-19
8.0,4.088847178385633,7,NOAA-11,P,1990-07-20
2.0,5.537138972830338,3,NOAA-11,P,1990-07-28
1.0,4.2805440537966035,7,NOAA-11,P,1990-07-30
7.0,3.0838511952560914,6,NOAA-11,P,1990-07-31
3.0,3.949179696892049,10,NOAA-11,P,1990-08-07
2.0,2.403146023917639,9,NOAA-11,P,1990-08-10
1.0,2.8119607644559146,9,NOAA-11,P,1990-08-12
2.0,4.103178665833411,8,NOAA-11,P,1990-08-13
4.0,1.9686484295757047,5,NOAA-11,P,1990-08-15
5.0,2.811398917522979,3,NOAA-11,P,1990-08-19
3.0,6.522935154753641,4,NOAA-11,P,1990-08-24
13.0,14.615348282165534,10,PIONEER-12,V,1978-06-22
13.0,11.621226183150295,10,PIONEER-12,V,1978-07-05
15.0,9.728048153781145,10,PIONEER-12,V,1978-07-18
23.0,14.179082676698904,9,PIONEER-12,V,1978-08-02
17.0,16.777525021491545,7,PIONEER-12,V,1978-08-25
2.0,10.628349026095115,1,PIONEER-12,V,1978-09-11
5.0,14.510277917352196,4,PIONEER-12,V,1978-09-13
8.0,10.030789515462693,4,PIONEER-12,V,1978-09-18
4.0,8.82813756235033,2,PIONEER-12,V,1978-09-26
9.0,9.41656124190457,6,PIONEER-12,V,1978-09-30
8.0,10.734968440734562,8,PIONEER-12,V,1978-10-09
40.0,9.882829047003124,9,PIONEER-12,V,1978-10-17
2.0,16.395305557156583,1,PIONEER-12,V,1978-11-26
43.0,14.635023147987287,1,PIONEER-12,V,1978-11-28
3.0,21.856137114817567,3,PIONEER-12,V,1979-01-10
24.0,24.408058747539116,7,PIONEER-12,V,1979-01-13
25.0,20.456544491005616,10,PIONEER-12,V,1979-02-06
11.0,29.81445618394138,3,PIONEER-12,V,1979-03-03
18.0,31.390576199083725,3,PIONEER-12,V,1979-03-14
14.0,28.53918673282628,1,PIONEER-12,V,1979-04-01
5.0,30.057079185877495,9,PIONEER-12,V,1979-04-15
51.0,19.208252187574672,4,PIONEER-12,V,1979-04-20
17.0,20.84486114609755,3,PIONEER-12,V,1979-06-10
13.0,25.94986049428615,9,PIONEER-12,V,1979-06-27
29.0,19.919423445044632,4,PIONEER-12,V,1979-07-10
22.0,21.566719238342074,4,PIONEER-12,V,1979-08-08
37.0,21.379244857310237,7,PIONEER-12,V,1979-08-30
37.0,15.849467829892019,4,PIONEER-12,V,1979-10-06
3.0,27.972876236027446,7,PIONEER-12,V,1979-11-12
47.0,22.63167600074117,1,PIONEER-12,V,1979-11-15
44.0,15.225114396088921,2,PIONEER-12,V,1980-01-01
82.0,13.711900023378721,2,PIONEER-12,V,1980-02-14
24.0,19.975936778873287,5,PIONEER-12,V,1980-05-06
120.0,20.744788945260332,8,PIONEER-12,V,1980-05-30
206.0,17.30109514332099,9,PIONEER-12,V,1980-09-27
3.0,21.477458659232745,3,PIONEER-12,V,1981-04-21
152.0,21.028507581845947,4,PIONEER-12,V,1981-04-24
19.0,20.597017374117897,10,PIONEER-12,V,1981-09-23
25.0,19.95629207649846,3,PIONEER-12,V,1981-10-12
21.0,20.00949565253174,10,PIONEER-12,V,1981-11-06
10.0,20.624135132433523,5,PIONEER-12,V,1981-11-27
17.0,23.08943700941598,8,PIONEER-12,V,1981-12-07
106.0,20.086121691194872,4,PIONEER-12,V,1981-12-24
15.0,23.93917721421609,5,PIONEER-12,V,1982-04-09
104.0,22.243198003767127,6,PIONEER-12,V,1982-04-24
12.0,13.977398075394145,7,PIONEER-12,V,1982-08-06
31.0,22.075468701611623,9,PIONEER-12,V,1982-08-18
13.0,18.35561112962699,2,PIONEER-12,V,1982-09-18
7.0,17.547331141430053,4,PIONEER-12,V,1982-10-01
9.0,20.643173631939785,5,PIONEER-12,V,1982-10-08
2.0,20.8483394472394,5,PIONEER-12,V,1982-10-17
10.0,15.64614179063657,1,PIONEER-12,V,1982-10-19
35.0,16.067728876689436,1,PIONEER-12,V,1982-10-29
20.0,21.568132325604175,10,PIONEER-12,V,1982-12-03
55.0,16.93965627869739,4,PIONEER-12,V,1982-12-23
29.0,22.819863443146467,10,PIONEER-12,V,1983-02-16
147.0,26.43742441919245,2,PIONEER-12,V,1983-03-17
138.0,14.210893052867643,7,PIONEER-12,V,1983-08-11
33.0,15.874188793247463,9,PIONEER-12,V,1983-12-27
4.0,25.579359195786736,1,PIONEER-12,V,1984-01-29
45.0,21.242528651213277,8,PIONEER-12,V,1984-02-02
11.0,24.766103523689658,6,PIONEER-12,V,1984-03-18
51.0,26.312751740348077,4,PIONEER-12,V,1984-03-29
82.0,18.42862766162686,6,PIONEER-12,V,1984-05-19
14.0,20.169721384968735,3,PIONEER-12,V,1984-08-09
19.0,19.04004797307672,7,PIONEER-12,V,1984-08-23
47.0,16.4600474599076,10,PIONEER-12,V,1984-09-11
5.0,20.186187065310104,2,PIONEER-12,V,1984-10-28
24.0,14.77776241917083,8,PIONEER-12,V,1984-11-02
4.0,21.561015144266673,10,PIONEER-12,V,1984-11-26
71.0,13.48840463749374,3,PIONEER-12,V,1984-11-30
28.0,23.80945652261057,8,PIONEER-12,V,1985-02-09
36.0,27.735276492010627,9,PIONEER-12,V,1985-03-09
7.0,29.15448389933277,1,PIONEER-12,V,1985-04-14
29.0,30.71273827449275,3,PIONEER-12,V,1985-04-21
28.0,19.25544443993874,6,PIONEER-12,V,1985-05-20
13.0,24.740676406094924,8,PIONEER-12,V,1985-06-17
86.0,5.83714188343791,9,SATCOM-I,G,1991-04-01
12.0,19.461419742761414,9,SATCOM-I,G,1991-06-26
1.0,5.096391695921479,4,SATCOM-I,G,1991-07-08
3.0,3.482866929969953,10,SATCOM-I,G,1991-07-09
2.0,3.6356309497887427,9,SATCOM-I,G,1991-07-12
3.0,2.657873591571075,6,SATCOM-I,G,1991-07-14
17.0,4.168343779223507,4,SATCOM-I,G,1991-07-17
2.0,17.194289095317046,9,SATCOM-I,G,1991-08-03
17.0,3.5049603034227736,2,SATCOM-I,G,1991-08-05
23.0,12.582095685561889,6,SATCOM-I,G,1991-08-22
14.0,18.08934408398771,2,SATCOM-I,G,1991-09-14
2.0,8.126352826962032,1,SATCOM-I,G,1991-09-28
1.0,3.077668794748467,6,SATCOM-I,G,1991-09-30
1.0,3.024367758473641,4,SATCOM-I,G,1991-10-01
2.0,2.982733887246031,4,SATCOM-I,G,1991-10-02
21.0,1.4335534047497323,2,SATCOM-I,G,1991-10-04
1.0,13.292544716086232,6,SATCOM-I,G,1991-10-25
1.0,0.9952178536597014,8,SATCOM-I,G,1991-10-26
1.0,1.123643363471114,9,SATCOM-I,G,1991-10-27
1.0,1.204641760838376,4,SATCOM-I,G,1991-10-28
2.0,1.067876374072993,6,SATCOM-I,G,1991-10-29
39.0,7.802781584265541,7,SBS1[F-3],G,1981-01-05
118.0,18.936998322216596,2,SBS1[F-3],G,1981-02-13
160.0,18.818554708058425,7,SBS1[F-3],G,1981-06-11
146.0,29.118945422597506,10,SBS1[F-3],G,1981-11-18
59.0,27.012133459161,10,SBS1[F-3],G,1982-04-13
16.0,24.600516248685175,9,SBS1[F-3],G,1982-06-11
92.0,11.510590271083323,10,SBS1[F-3],G,1982-06-27
60.0,25.242642347020443,1,SBS1[F-3],G,1982-09-27
71.0,30.86834518398762,7,SBS1[F-3],G,1982-11-26
1.0,22.271350512513884,4,SBS1[F-3],G,1983-02-05
227.0,6.47478748443339,7,SBS1[F-3],G,1983-02-06
46.0,25.334463215750706,2,SBS1[F-3],G,1983-09-21
14.0,25.76077538839649,4,SBS1[F-3],G,1983-11-06
1.0,19.01739993005349,3,SBS1[F-3],G,1983-11-20
2.0,7.367572577331632,8,SBS1[F-3],G,1983-11-21
14.0,7.521424867265184,2,SBS1[F-3],G,1983-11-23
1.0,16.60766388616807,10,SBS1[F-3],G,1983-12-07
9.0,7.915034199259129,1,SBS1[F-3],G,1983-12-08
55.0,12.149158965821256,4,SBS1[F-3],G,1983-12-17
39.0,16.74267117762192,6,SBS1[F-3],G,1984-02-10
33.0,20.874943832337493,7,SBS1[F-3],G,1984-03-20
88.0,13.795073292564208,10,SBS1[F-3],G,1984-04-22
1.0,21.568964079613156,5,SBS1[F-3],G,1984-07-19
67.0,9.455225852678847,9,SBS1[F-3],G,1984-07-20
29.0,15.828350114316565,9,SBS1[F-3],G,1984-09-25
28.0,16.602135162239385,10,SBS1[F-3],G,1984-10-24
4.0,19.614752707996097,2,SBS1[F-3],G,1984-11-21
13.0,6.471392852163325,8,SBS1[F-3],G,1984-11-25
10.0,14.734618425550005,10,SBS1[F-3],G,1984-12-08
1.0,12.863433349510807,7,SBS1[F-3],G,1984-12-18
26.0,5.13519200055374,3,SBS1[F-3],G,1984-12-19
176.0,16.714566612312257,2,SBS1[F-3],G,1985-01-14
85.0,20.08469906021132,2,SBS1[F-3],G,1985-07-09
7.0,19.298085968696046,10,SBS1[F-3],G,1985-10-02
36.0,7.646011680818214,6,SBS1[F-3],G,1985-10-09
19.0,14.557339709148295,8,SBS1[F-3],G,1985-11-14
59.0,14.494501704799085,3,SBS1[F-3],G,1985-12-03
26.0,17.42336304706851,3,SBS1[F-3],G,1986-01-31
3.0,13.520498019007885,8,SBS1[F-3],G,1986-02-26
32.0,2.6878843366059524,9,SBS1[F-3],G,1986-03-01
73.0,14.176121853167832,10,SBS1[F-3],G,1986-04-02
10.0,19.671357342566623,5,SBS1[F-3],G,1986-06-14
46.0,12.51881194983979,7,SBS1[F-3],G,1986-06-24
24.0,10.610754187143167,10,SBS1[F-3],G,1986-08-09
1.0,9.256295682032079,1,SBS1[F-3],G,1986-09-02
33.0,3.300348746346417,1,SBS1[F-3],G,1986-09-03
26.0,11.558363689901432,5,SBS1[F-3],G,1986-10-06
63.0,15.97652088964436,10,SBS1[F-3],G,1986-11-01
52.0,14.316632662968036,6,SBS1[F-3],G,1987-01-03
67.0,14.276378683866866,10,SBS1[F-3],G,1987-02-24
12.0,23.135543106882988,1,SBS1[F-3],G,1987-05-02
1.0,10.929193098462477,1,SBS1[F-3],G,1987-05-14
129.0,5.143428056227405,9,SBS1[F-3],G,1987-05-15
3.0,14.388025814089506,4,SBS1[F-3],G,1987-09-21
37.0,4.947570604205428,9,SBS1[F-3],G,1987-09-24
1.0,15.223257632330842,3,SBS1[F-3],G,1987-10-31
14.0,7.182646641048336,2,SBS1[F-3],G,1987-11-01
12.0,11.502920334521674,1,SBS1[F-3],G,1987-11-15
21.0,8.930002377471135,10,SBS1[F-3],G,1987-11-27
26.0,9.686540574585468,6,SBS1[F-3],G,1987-12-18
1.0,11.577851454800962,5,SBS1[F-3],G,1988-01-13
6.0,4.573964719082458,4,SBS1[F-3],G,1988-01-14
16.0,9.041672108056488,2,SBS1[F-3],G,1988-01-20
1.0,11.429211529304958,3,SBS1[F-3],G,1988-02-05
16.0,5.501140807661912,6,SBS1[F-3],G,1988-02-06
63.0,36.85530197268096,5,SBS2[F-1],G,1983-12-24
224.0,18.28507281454498,9,SBS2[F-1],G,1984-02-25
42.0,34.88360352545466,10,SBS2[F-1],G,1984-10-06
32.0,26.447692112878364,8,SBS2[F-1],G,1984-11-17
1.0,28.734131176346075,5,SBS2[F-1],G,1984-12-19
16.0,8.921386873860529,2,SBS2[F-1],G,1984-12-20
5.0,20.559336079679795,10,SBS2[F-1],G,1985-01-05
2.0,14.414977790391024,2,SBS2[F-1],G,1985-01-10
10.0,8.496413847098506,10,SBS2[F-1],G,1985-01-12
303.0,15.246573070225615,1,SBS2[F-1],G,1985-01-22
13.0,36.2550658399869,10,SBS2[F-1],G,1985-11-21
29.0,14.381062023897893,8,SBS2[F-1],G,1985-12-04
29.0,19.090704388219052,8,SBS2[F-1],G,1986-01-02
29.0,15.456682709789021,9,SBS2[F-1],G,1986-01-31
129.0,13.968556336096881,9,SBS2[F-1],G,1986-03-01
30.0,24.09098589167644,1,SBS2[F-1],G,1986-07-08
18.0,12.846397461561548,10,SBS2[F-1],G,1986-08-07
12.0,12.55378507075196,6,SBS2[F-1],G,1986-08-25
113.0,10.890147898693861,6,SBS2[F-1],G,1986-09-06
304.0,21.93730760608117,9,SBS2[F-1],G,1986-12-28
52.0,29.952326312303825,2,SBS2[F-1],G,1987-10-28
6.0,17.833494704355125,9,SBS2[F-1],G,1987-12-19
24.0,7.628194941207724,9,SBS2[F-1],G,1987-12-25
104.0,14.352474013306336,9,SBS2[F-1],G,1988-01-18
126.0,12.796933632226956,1,SBS3[F-2],G,1982-11-16
42.0,28.81973702480684,10,SBS3[F-2],G,1983-03-22
29.0,13.938780716312415,6,SBS3[F-2],G,1983-05-03
59.0,14.494852613752442,9,SBS3[F-2],G,1983-06-01
48.0,23.2506291403544,9,SBS3[F-2],G,1983-07-30
22.0,22.39429349443543,6,SBS3[F-2],G,1983-09-16
3.0,20.747846133868507,10,SBS3[F-2],G,1983-10-08
2.0,9.163240758780688,7,SBS3[F-2],G,1983-10-11
5.0,8.063395291041786,10,SBS3[F-2],G,1983-10-13
46.0,9.152571433393994,1,SBS3[F-2],G,1983-10-18
21.0,24.707926549956483,4,SBS3[F-2],G,1983-12-03
3.0,21.805287461498832,1,SBS3[F-2],G,1983-12-24
134.0,10.661281251449672,3,SBS3[F-2],G,1983-12-27
29.0,31.179487314502104,6,SBS3[F-2],G,1984-05-09
1.0,18.84809102843832,7,SBS3[F-2],G,1984-06-07
43.0,8.454471145009705,3,SBS3[F-2],G,1984-06-08
13.0,19.496145211075024,8,SBS3[F-2],G,1984-07-21
4.0,15.501863642537531,3,SBS3[F-2],G,1984-08-03
91.0,11.425541801778236,6,SBS3[F-2],G,1984-08-07
40.0,27.954581247254936,2,SBS3[F-2],G,1984-11-06
223.0,23.213404436702206,1,SBS3[F-2],G,1984-12-16
27.0,22.644578916151644,9,SBS3[F-2],G,1985-07-27
53.0,13.912342570544142,8,SBS3[F-2],G,1985-08-23
31.0,20.694403254321198,6,SBS3[F-2],G,1985-10-15
11.0,20.329160283515762,5,SBS3[F-2],G,1985-11-15
80.0,13.687015922832266,4,SBS3[F-2],G,1985-11-26
195.0,21.672381867326482,4,SBS3[F-2],G,1986-02-14
4.0,22.386842940149442,6,SBS3[F-2],G,1986-08-28
59.0,5.822540489159209,7,SBS3[F-2],G,1986-09-01
16.0,28.520579124325863,6,SBS3[F-2],G,1987-12-31
3.0,9.66786620890106,4,TOPEX,P,1992-08-12
3.0,3.3153453138899884,9,TOPEX,P,1992-08-15
4.0,2.278428308981166,9,TOPEX,P,1992-08-18
1.0,2.6766282461687396,5,TOPEX,P,1992-08-22
2.0,1.6581490818359281,3,TOPEX,P,1992-08-23
1.0,0.9229390519482337,9,TOPEX,P,1992-08-25
1.0,1.3359728009399348,5,TOPEX,P,1992-08-26
1.0,1.2338971899897544,8,TOPEX,P,1992-08-27
1.0,0.8196747031724296,3,TOPEX,P,1992-08-28
2.0,0.7714945052400086,3,TOPEX,P,1992-08-29
3.0,0.5500925490000483,5,TOPEX,P,1992-08-31
1.0,1.2393180925910308,4,TOPEX,P,1992-09-03
1.0,0.8667436010574434,1,TOPEX,P,1992-09-04
2.0,0.9983393811027632,2,TOPEX,P,1992-09-05
1.0,0.8805516626129801,8,TOPEX,P,1992-09-07
1.0,1.0566871516156358,4,TOPEX,P,1992-09-08
1.0,1.0420274805218863,3,TOPEX,P,1992-09-09
1.0,1.2227444672341914,2,TOPEX,P,1992-09-10
1.0,1.2670442099467714,7,TOPEX,P,1992-09-11
2.0,1.3793588328155675,4,TOPEX,P,1992-09-12
1.0,1.6391291772510517,2,TOPEX,P,1992-09-14
1.0,1.4755494420501787,4,TOPEX,P,1992-09-15
