sat,start,y_true,proba,fold
@GG0403,1977-07-21,1,0.32864628957674963,2
@GG0403,1977-07-24,0,0.4464914688197443,2
@GG0403,1977-08-09,0,0.3029626138958864,2
@GG0403,1977-09-14,0,0.2614422471072566,2
@GG0403,1978-08-24,0,0.1204456320377172,2
@GG0403,1979-02-09,0,0.19478209448136696,2
@GG0403,1979-03-23,0,0.2644503386552435,2
@GG0403,1979-06-06,0,0.2654588607901521,2
@GG0403,1979-09-13,0,0.24763020395596858,2
@GG0405,1976-09-22,1,0.34004239744288517,3
@GG0405,1976-09-23,0,0.5384051794812575,3
@GG0405,1976-11-05,0,0.27268366512566755,3
@GG0405,1977-09-29,0,0.16878316346972191,3
@GG0405,1978-05-22,0,0.16664752096385974,3
@GG0405,1978-08-24,0,0.21977961078353617,3
@GG0405,1979-09-07,0,0.14815273449696137,3
@GG0405,1979-10-31,0,0.23643665692326052,3
@GG0405,1980-01-04,0,0.22220607186870717,3
@GG0405,1980-07-25,0,0.16898426008434225,3
@GG0405,1980-08-29,0,0.27973324562952956,3
@GG0407,1976-10-07,1,0.3459651049878181,1
@GG0407,1976-10-09,0,0.5040724591000496,1
@GG0407,1976-12-14,1,0.1866617268743079,1
@GG0407,1976-12-20,0,0.39963836483876547,1
@GG0407,1977-02-03,0,0.23012708165459117,1
@GG0407,1977-05-02,0,0.20961112631492196,1
@GG0407,1978-05-02,1,0.14454344356095908,1
@GG0407,1978-05-03,0,0.6698010171848846,1
@GG0407,1978-08-09,0,0.2163562891110973,1
@GG0407,1978-11-03,0,0.23759112489158007,1
@GG0407,1979-03-02,0,0.20172729916758883,1
@GG0407,1979-04-16,1,0.2760233049218634,1
@GG0407,1979-04-21,0,0.48744713974495063,1
@GG0407,1979-09-21,0,0.22548365119267827,1
@GG0407,1981-04-21,1,0.14078439451471594,1
@GG0407,1981-04-22,0,0.7011862995985297,1
@GG0407,1981-09-02,0,0.2515674720605056,1
@GG0407,1982-04-27,1,0.17299060635137342,1
@GG0407,1982-05-03,0,0.5025118061047361,1
@GG0407,1982-05-26,1,0.34928167446326636,1
@GG0407,1982-05-28,1,0.6039806571111627,1
@GG0407,1982-05-30,0,0.6096134812849598,1
@GG0407,1982-07-14,0,0.3344408491687976,1
@GG0407,1982-09-05,0,0.32257956868074733,1
@GG0407,1982-09-23,0,0.42795626257122604,1
@GG0407,1983-03-21,0,0.19858494649923522,1
@GG0407,1983-05-01,0,0.35262867587981683,1
@GG0407,1983-06-18,1,0.3305909727350994,1
@GG0407,1983-06-23,0,0.5614770874434931,1
@GG0408,1976-09-07,0,0.35660892559538987,1
@GG0408,1976-12-12,0,0.15326166716868256,1
@GG0408,1977-02-01,0,0.20398882105659044,1
@GG0408,1977-12-27,0,0.11462458192490245,1
@GG0408,1978-03-31,0,0.19000941929683238,1
@GG0408,1978-04-19,0,0.3308538487403478,1
@GG0408,1979-05-10,0,0.1309174707887374,1
@GG0408,1979-08-22,0,0.2175458009689591,1
@GG0408,1979-10-15,0,0.30096689622816586,1
@GG0408,1981-09-13,0,0.1367390309544502,1
@GG0501,1981-05-23,1,0.3885874181628638,0
@GG0501,1981-05-24,1,0.5980507760319207,0
@GG0501,1981-05-27,1,0.5158951776279861,0
@GG0501,1981-05-31,1,0.49696267198159466,0
@GG0501,1981-06-07,0,0.4441497155445109,0
@GG0501,1981-06-16,0,0.41960737256816755,0
@GG0501,1981-06-28,0,0.4119574013142833,0
@GG0501,1981-07-10,1,0.4506186835857196,0
@GG0501,1981-07-15,0,0.5413082305794484,0
@GG0501,1981-08-21,0,0.36983905067894995,0
@GG0501,1981-08-29,1,0.5103007714019655,0
@GG0501,1981-09-03,1,0.5534037625732362,0
@GG0501,1981-09-10,1,0.5323900047763791,0
@GG0501,1981-09-16,1,0.5460856575366192,0
@GG0501,1981-09-19,1,0.6054940765132465,0
@GG0501,1981-09-22,1,0.6045616619988967,0
@GG0501,1981-09-24,0,0.6372424294153706,0
@GG0501,1981-10-16,1,0.3994829273699203,0
@GG0501,1981-10-20,0,0.563634034956716,0
@GG0501,1981-11-03,0,0.41270594627160995,0
@GG0501,1981-12-10,0,0.32169310498182796,0
@GG0501,1982-02-18,0,0.30626433838773326,0
@GG0501,1982-03-01,0,0.4808792109580856,0
@GG0501,1982-03-24,0,0.4001393927395412,0
@GG0501,1982-04-18,1,0.3865238546260212,0
@GG0501,1982-04-19,0,0.6778960950872752,0
@GG0501,1982-04-29,0,0.47452542645331713,0
@GG0501,1982-06-28,0,0.36449493211837386,0
@GG0501,1982-08-25,1,0.3491061774019222,0
@GG0501,1982-08-27,0,0.658432354306428,0
@GG0501,1982-09-28,1,0.3978137865441558,0
@GG0501,1982-09-30,1,0.6523098273693381,0
@GG0501,1982-10-05,1,0.5611821150397065,0
@GG0501,1982-10-09,1,0.5872393514032729,0
@GG0501,1982-10-10,0,0.7065582901894298,0
@GG0501,1982-10-19,0,0.5005083136831655,0
@GG0501,1982-11-28,0,0.3576781335573058,0
@GG0501,1983-02-20,1,0.26947456401255393,0
@GG0501,1983-02-21,0,0.6597892668894826,0
@GG0501,1983-04-09,0,0.36562552920500613,0
@GG0501,1983-05-04,0,0.4575157839156757,0
@GG0501,1983-06-11,0,0.4135578053572467,0
@GG0501,1983-07-17,0,0.41501798859266925,0
@GG0501,1983-07-30,0,0.5097603044412778,0
@GG0501,1983-08-13,0,0.5050353796365524,0
@GG0501,1983-08-31,1,0.4673817520439186,0
@GG0501,1983-09-01,0,0.7113525027037217,0
@GG0501,1983-10-05,0,0.38289880323139963,0
@GG0501,1983-10-16,0,0.5035999371929039,0
@GG0501,1983-10-25,0,0.5266118543228467,0
@GG0501,1983-11-03,0,0.5075735696075259,0
@GG0501,1983-12-18,0,0.3452321978202656,0
@GG0501,1984-01-18,1,0.3827348473681603,0
@GG0501,1984-01-19,1,0.6923128249498983,0
@GG0501,1984-01-20,0,0.6937427990371476,0
@GG0501,1984-03-05,1,0.38926683068782403,0
@GG0501,1984-03-11,0,0.5647998477525853,0
@GG0501,1984-03-22,1,0.5062091739883599,0
@GG0501,1984-03-29,1,0.5449194042562879,0
@GG0501,1984-03-31,1,0.658876251234545,0
@GG0501,1984-04-01,0,0.7279591241277185,0
@GG0501,1984-04-12,1,0.5156859432649573,0
@GG0501,1984-04-13,1,0.7218068602179992,0
@GG0501,1984-04-14,0,0.721080125726935,0
@GG0502,1980-12-06,1,0.29899534520063664,2
@GG0502,1980-12-07,1,0.5246584989711974,2
@GG0502,1980-12-08,1,0.5441460524293816,2
@GG0502,1980-12-10,1,0.4932278765668693,2
@GG0502,1980-12-14,1,0.450393837588108,2
@GG0502,1980-12-15,1,0.5997382455634407,2
@GG0502,1980-12-16,1,0.6126360154324793,2
@GG0502,1980-12-18,0,0.5620814602992399,2
@GG0502,1980-12-29,0,0.41796914026358145,2
@GG0502,1981-01-07,0,0.4550543826903208,2
@GG0502,1981-01-20,1,0.37528599547919667,2
@GG0502,1981-01-23,0,0.5103831992451494,2
@GG0502,1981-02-24,0,0.3249723743018052,2
@GG0502,1981-03-23,1,0.3577000852825569,2
@GG0502,1981-03-26,1,0.5697527264656583,2
@GG0502,1981-03-29,0,0.5665509026962614,2
@GG0502,1981-04-16,0,0.41808388014095677,2
@GG0502,1981-04-27,0,0.4712567489546231,2
@GG0502,1981-05-05,0,0.4970343581399271,2
@GG0502,1981-05-30,0,0.35962090385988477,2
@GG0502,1981-07-31,0,0.3302314738981419,2
@GG0502,1981-08-20,1,0.4290338431640492,2
@GG0502,1981-08-26,0,0.5379370547695258,2
@GG0502,1981-09-05,0,0.511789429822955,2
@GG0502,1981-09-17,1,0.4932733868041899,2
@GG0502,1981-09-22,0,0.5684775185970011,2
@GG0502,1981-10-04,0,0.4540557106439094,2
@GG0502,1981-11-14,0,0.32024472989577624,2
@GG0502,1981-11-28,1,0.41479426979901096,2
@GG0502,1981-11-29,1,0.6660789293018288,2
@GG0502,1981-12-05,0,0.49024443831770126,2
@GG0502,1981-12-19,0,0.44501657140203416,2
@GG0502,1982-01-15,0,0.3253880551496194,2
@GG0502,1982-01-24,0,0.4491966411242053,2
@GG0502,1982-05-29,1,0.22643575612857209,2
@GG0502,1982-06-01,0,0.5673300408470957,2
@GG0502,1982-07-20,1,0.3539605428585013,2
@GG0502,1982-07-25,0,0.5731128053526703,2
@GG0502,1982-08-16,1,0.38268570967205406,2
@GG0502,1982-08-20,1,0.5518131889906256,2
@GG0502,1982-08-22,0,0.62487072566291,2
@GG0502,1982-09-08,1,0.444922098405373,2
@GG0502,1982-09-10,0,0.6517434400791636,2
@GG0502,1982-10-06,0,0.4052324858389717,2
@GG0502,1982-11-05,1,0.36714898310971195,2
@GG0502,1982-11-09,0,0.5633559728202563,2
@GG0502,1983-02-16,0,0.24977246809057146,2
@GG0502,1983-04-07,0,0.3371423396408288,2
@GG0502,1983-04-28,0,0.44760420615966023,2
@GG0502,1983-05-25,0,0.4431222074907916,2
@GG0502,1983-06-04,0,0.5213768975949288,2
@GG0502,1983-08-11,1,0.3222779888387649,2
@GG0502,1983-08-12,1,0.7164553178776091,2
@GG0502,1983-08-15,1,0.6223070437493872,2
@GG0502,1983-08-21,0,0.545352202360941,2
@GG0502,1983-08-31,1,0.4813830651237342,2
@GG0502,1983-09-01,0,0.6943862340620583,2
@GG0502,1983-09-11,1,0.4781474484629521,2
@GG0502,1983-09-13,0,0.633509643803314,2
@GG0502,1983-09-22,0,0.4892994829590661,2
@GG0502,1983-10-15,1,0.42135833665031097,2
@GG0502,1983-10-21,1,0.5595938062304486,2
@GG0502,1983-10-26,1,0.5770284761047886,2
@GG0502,1983-10-29,0,0.6249673253663358,2
@GG0502,1983-12-22,1,0.33221834518680804,2
@GG0502,1983-12-27,0,0.5665392671031656,2
@GG0502,1984-01-11,1,0.4567919581116597,2
@GG0502,1984-01-18,1,0.5357736526984823,2
@GG0502,1984-01-20,1,0.6573093411187974,2
@GG0502,1984-01-24,1,0.6027358969372015,2
@GG0502,1984-01-27,0,0.6425299160380666,2
@GG0502,1984-02-08,0,0.5402794553848369,2
@GG0502,1984-04-01,1,0.36890400790046807,2
@GG0502,1984-04-06,0,0.6018414460997275,2
@GG0502,1984-04-23,0,0.45246353589714244,2
@GG0502,1993-03-10,0,0.10612853384076934,2
@GG0503,1981-12-15,0,0.3241471927071684,2
@GG0503,1982-01-04,0,0.25941966028587055,2
@GG0503,1982-01-12,0,0.3229076000465806,2
@GG0503,1982-01-22,0,0.3346363698583869,2
@GG0503,1982-02-18,0,0.336126087439923,2
@GG0503,1982-03-17,1,0.31296639153953126,2
@GG0503,1982-03-22,0,0.4881131530911412,2
@GG0503,1982-03-30,1,0.44320229815056617,2
@GG0503,1982-04-04,1,0.48573390840392955,2
@GG0503,1982-04-08,1,0.5102688581372424,2
@GG0503,1982-04-09,0,0.6463302254837776,2
@GG0503,1982-07-05,0,0.24877339322273875,2
@GG0503,1982-08-26,1,0.27831997627174876,2
@GG0503,1982-08-30,0,0.5333985373532885,2
@GG0503,1982-09-10,0,0.43484076250339987,2
@GG0503,1982-10-14,0,0.32927729114859144,2
@GG0503,1982-10-28,1,0.38928942864641874,2
@GG0503,1982-10-31,0,0.5371207983800862,2
@GG0503,1983-01-03,0,0.2922722649477228,2
@GG0503,1983-01-29,0,0.33292651166511444,2
@GG0503,1983-02-19,1,0.338545248521718,2
@GG0503,1983-02-23,1,0.49653013712134286,2
@GG0503,1983-02-28,1,0.47742557400117197,2
@GG0503,1983-03-02,1,0.5759098852089564,2
@GG0503,1983-03-04,0,0.5811924588655285,2
@GG0503,1983-03-21,0,0.41604470732147886,2
@GG0503,1983-04-02,0,0.4429221309778787,2
@GG0503,1983-04-12,0,0.47167481207535056,2
@GG0503,1983-05-21,0,0.3864498024161235,2
@GG0503,1983-06-06,0,0.4442367361570595,2
@GG0503,1983-06-18,0,0.45567029967231953,2
@GG0503,1983-07-04,0,0.42943166114952147,2
@GG0503,1983-07-18,0,0.4411645494965461,2
@GG0503,1983-09-03,0,0.3100841159498943,2
@GG0503,1983-09-24,1,0.38075596631563724,2
@GG0503,1983-10-01,0,0.4842888803894695,2
@GG0503,1983-10-13,0,0.45553635912535906,2
@GG0503,1983-10-30,0,0.4285513869390973,2
@GG0503,1983-11-20,1,0.3872315135089274,2
@GG0503,1983-11-27,0,0.49796348461346374,2
@GG0503,1983-12-18,1,0.3906459672118096,2
@GG0503,1983-12-19,1,0.6832383542478745,2
@GG0503,1983-12-22,1,0.5882968093049885,2
@GG0503,1983-12-27,1,0.545972377042158,2
@GG0503,1983-12-29,0,0.635710805485795,2
@GG0503,1984-02-03,0,0.40596794576623185,2
@GG0503,1984-02-13,0,0.5444290520972732,2
@GG0503,1984-02-21,1,0.5581360311606726,2
@GG0503,1984-02-28,0,0.5642778950356698,2
@GG0503,1984-03-09,0,0.5188079330022627,2
@GG0503,1984-03-21,1,0.49607864980542266,2
@GG0503,1984-03-24,0,0.6233068886083386,2
@GG0503,1984-04-21,1,0.3900596458048178,2
@GG0503,1984-04-27,1,0.5361195529393241,2
@GG0503,1984-05-04,1,0.5306103662312512,2
@GG0503,1984-05-07,1,0.6158636865984414,2
@GG0503,1984-05-13,1,0.5640631574869261,2
@GG0503,1984-05-15,0,0.6708195342605943,2
@GG0503,1994-02-27,0,0.08515481543864568,2
@GG0503,1994-03-12,0,0.46627251839858447,2
@GG0504,1982-03-04,1,0.3887166457704492,0
@GG0504,1982-03-10,1,0.41614726621889,0
@GG0504,1982-03-12,0,0.53170700848124,0
@GG0504,1982-03-22,0,0.4019474549194289,0
@GG0504,1982-04-16,0,0.3262323970143,0
@GG0504,1982-05-17,0,0.31014574500447795,0
@GG0504,1982-08-27,1,0.25713590889587684,0
@GG0504,1982-08-31,1,0.5513286507471595,0
@GG0504,1982-09-01,0,0.6681430204689177,0
@GG0504,1982-09-22,0,0.39549819014314497,0
@GG0504,1982-10-02,0,0.4462018038723334,0
@GG0504,1982-10-23,1,0.37360923690928394,0
@GG0504,1982-10-30,1,0.47267690334169543,0
@GG0504,1982-10-31,0,0.652094032352475,0
@GG0504,1982-11-08,1,0.4559706639546341,0
@GG0504,1982-11-10,0,0.5874023225553962,0
@GG0504,1982-11-20,1,0.4492815343772618,0
@GG0504,1982-11-27,1,0.4855567663008192,0
@GG0504,1982-11-30,0,0.5669147007392662,0
@GG0504,1982-12-09,0,0.4668720497570957,0
@GG0504,1982-12-27,1,0.4168670796485501,0
@GG0504,1982-12-30,1,0.5820906850819837,0
@GG0504,1983-01-03,0,0.5444105182651409,0
@GG0504,1983-01-16,0,0.4157348114614575,0
@GG0504,1983-02-05,1,0.38129930813388097,0
@GG0504,1983-02-06,1,0.6552912189734696,0
@GG0504,1983-02-12,1,0.49175910656970273,0
@GG0504,1983-02-14,0,0.5912949297834753,0
@GG0504,1983-04-07,0,0.34162152564120135,0
@GG0504,1983-04-19,0,0.4784174704876064,0
@GG0504,1983-04-27,0,0.5290740365787594,0
@GG0504,1983-05-06,1,0.5424727734756132,0
@GG0504,1983-05-09,0,0.643019435941077,0
@GG0504,1983-05-20,1,0.5316680744152317,0
@GG0504,1983-05-23,1,0.6488431741440068,0
@GG0504,1983-05-27,1,0.6201747668709108,0
@GG0504,1983-05-28,1,0.7324767464449263,0
@GG0504,1983-05-29,1,0.7328460056839728,0
@GG0504,1983-06-02,1,0.6266796602106566,0
@GG0504,1983-06-07,0,0.6035120853942578,0
@GG0504,1983-06-19,0,0.5127423223199434,0
@GG0504,1983-07-21,0,0.4227036618983213,0
@GG0504,1983-08-02,0,0.5145797458896557,0
@GG0504,1983-08-18,1,0.48856416382386664,0
@GG0504,1983-08-22,1,0.613116472237033,0
@GG0504,1983-08-25,1,0.6392742989606576,0
@GG0504,1983-08-28,1,0.6364486105541836,0
@GG0504,1983-08-31,1,0.633260651692341,0
@GG0504,1983-09-02,1,0.657372179691538,0
@GG0504,1983-09-05,0,0.624215325477464,0
@GG0504,1983-09-22,0,0.4642849015790106,0
@GG0504,1983-10-02,1,0.49814846633040244,0
@GG0504,1983-10-07,0,0.5645727666443006,0
@GG0504,1983-10-18,1,0.509367485924968,0
@GG0504,1983-10-19,1,0.7190411707317443,0
@GG0504,1983-10-21,1,0.6652848010259084,0
@GG0504,1983-10-28,1,0.5551036554425883,0
@GG0504,1983-10-30,0,0.6651774312598765,0
@GG0504,1983-11-07,1,0.5192970957430537,0
@GG0504,1983-11-14,1,0.5265604947627522,0
@GG0504,1983-11-17,1,0.6057487355897161,0
@GG0504,1983-11-20,1,0.607702558207336,0
@GG0504,1983-11-25,0,0.5633316551615604,0
@GG0504,1983-12-08,0,0.45769386764720266,0
@GG0504,1983-12-18,1,0.4900146748820943,0
@GG0504,1983-12-24,1,0.5437648797754439,0
@GG0504,1983-12-25,0,0.7007387749088467,0
@GG0504,1984-01-07,1,0.47318212520539865,0
@GG0504,1984-01-08,1,0.7006776884282193,0
@GG0504,1984-01-11,1,0.6072328440625552,0
@GG0504,1984-01-12,0,0.7004488168297582,0
@GG0504,1984-01-23,0,0.4952278628973368,0
@GG0504,1984-02-04,1,0.5159789017617663,0
@GG0504,1984-02-11,0,0.5715238678527962,0
@GG0504,1984-03-12,1,0.42621913615091866,0
@GG0504,1984-03-14,0,0.6716790730774479,0
@GG0504,1984-03-29,0,0.4851686025512894,0
@GG0504,1984-04-08,1,0.5419343651930001,0
@GG0504,1984-04-09,1,0.7361536299369879,0
@GG0504,1984-04-13,1,0.6168044072245187,0
@GG0504,1984-04-14,0,0.7290742687531275,0
@GG0504,1984-04-24,1,0.5275053460353858,0
@GG0504,1984-04-26,1,0.670888439952443,0
@GG0504,1984-04-27,0,0.7255786792221165,0
@GG0504,1984-05-17,1,0.4966103077838396,0
@GG0504,1984-05-20,0,0.6688198063220401,0
@GG0504,1984-10-26,0,0.2896773903377686,0
@GG0504,1994-01-18,0,0.11218572663941376,0
@GG0504,1994-02-07,0,0.44431261687009316,0
@GG0504,1994-02-27,1,0.44261189566852954,0
@GG0504,1994-03-04,0,0.5851666106411367,0
@GG0504,1994-03-15,1,0.5121566467450777,0
@GG0505,1982-09-28,1,0.29810385961967006,3
@GG0505,1982-09-30,1,0.4352907222195301,3
@GG0505,1982-10-04,1,0.4023573746286275,3
@GG0505,1982-10-05,1,0.5251389994974366,3
@GG0505,1982-10-06,1,0.5361484834405612,3
@GG0505,1982-10-07,0,0.5455847244767628,3
@GG0505,1982-10-15,1,0.387260111531884,3
@GG0505,1982-10-20,1,0.42428346128740513,3
@GG0505,1982-10-25,1,0.4264097204618923,3
@GG0505,1982-11-01,1,0.40446574629583903,3
@GG0505,1982-11-02,1,0.5627640045660846,3
@GG0505,1982-11-03,1,0.5669169364171728,3
@GG0505,1982-11-04,1,0.5708646203369637,3
@GG0505,1982-11-05,1,0.5744324144607819,3
@GG0505,1982-11-06,0,0.5772667685861946,3
@GG0505,1982-12-01,0,0.33524866920197544,3
@GG0505,1982-12-30,1,0.3323680724082451,3
@GG0505,1983-01-01,0,0.5371722709633331,3
@GG0505,1983-02-22,0,0.28089718251626516,3
@GG0505,1983-03-05,1,0.397974749276838,3
@GG0505,1983-03-07,0,0.536256240934508,3
@GG0505,1983-03-15,1,0.4348496995115486,3
@GG0505,1983-03-21,0,0.46540388303263974,3
@GG0505,1983-03-31,1,0.42639083813192225,3
@GG0505,1983-04-02,0,0.5533859384951824,3
@GG0505,1983-04-10,1,0.44842014102596056,3
@GG0505,1983-04-11,1,0.6139863558177631,3
@GG0505,1983-04-13,1,0.5620637388936697,3
@GG0505,1983-04-15,1,0.5627533362236739,3
@GG0505,1983-04-17,1,0.563763017957854,3
@GG0505,1983-04-18,1,0.6185047375378294,3
@GG0505,1983-04-19,1,0.620166378059684,3
@GG0505,1983-04-26,1,0.4729835310186991,3
@GG0505,1983-05-02,1,0.48867083338199413,3
@GG0505,1983-05-07,1,0.5029263476420403,3
@GG0505,1983-05-09,1,0.5758794950568566,3
@GG0505,1983-05-13,0,0.5223232063210149,3
@GG0505,1983-05-23,1,0.449104397674566,3
@GG0505,1983-05-28,0,0.502051140192876,3
@GG0505,1983-06-07,0,0.4435211373697944,3
@GG0505,1983-06-15,1,0.45807445369373556,3
@GG0505,1983-06-19,0,0.511798683093313,3
@GG0505,1983-06-29,0,0.43858617031934016,3
@GG0505,1983-07-15,1,0.4039368421545353,3
@GG0505,1983-07-19,1,0.5143646240874509,3
@GG0505,1983-07-23,1,0.5144574492626275,3
@GG0505,1983-07-25,1,0.5702517704195388,3
@GG0505,1983-08-01,1,0.4773211876985962,3
@GG0505,1983-08-05,1,0.525030649848831,3
@GG0505,1983-08-12,0,0.48235560592325466,3
@GG0505,1983-08-24,1,0.43850640977492317,3
@GG0505,1983-08-31,1,0.4792429908776339,3
@GG0505,1983-09-04,1,0.5276381278801281,3
@GG0505,1983-09-06,1,0.5833536541399635,3
@GG0505,1983-09-07,1,0.6364303001374058,3
@GG0505,1983-09-12,0,0.5132212973108671,3
@GG0505,1983-09-28,1,0.425815950091443,3
@GG0505,1983-09-29,0,0.6428332172728394,3
@GG0505,1983-10-18,0,0.4236391640771808,3
@GG0505,1983-11-13,1,0.39947673185776805,3
@GG0505,1983-11-14,1,0.6530916291032276,3
@GG0505,1983-11-17,0,0.5715460578602511,3
@GG0505,1983-12-12,0,0.4063998344014404,3
@GG0505,1983-12-20,0,0.4995246376679054,3
@GG0505,1984-01-21,0,0.3963992918156637,3
@GG0505,1984-02-22,0,0.3969341584904577,3
@GG0505,1984-04-04,1,0.35440796304019856,3
@GG0505,1984-04-05,1,0.6441822144114849,3
@GG0505,1984-04-06,0,0.6448396640316317,3
@GG0505,1984-04-14,0,0.47946632406448214,3
@GG0505,1984-04-27,1,0.4397367771256766,3
@GG0505,1984-04-30,0,0.556955751129956,3
@GG0505,1984-05-11,0,0.45941836445140544,3
@GG0505,1984-06-06,0,0.3949795014664301,3
@GG0505,1984-07-15,0,0.3677599783323099,3
@GG0505,1992-10-02,0,0.131900455920405,3
@GG0505,1994-01-16,0,0.22513102804290155,3
@GG0505,1994-02-11,1,0.40758933775179856,3
@GG0505,1994-02-14,1,0.5792767236230462,3
@GG0505,1994-02-17,0,0.5800552716521179,3
@GG0505,1994-03-07,1,0.4356379899166696,3
@GG0505,1994-03-10,1,0.5776721031186749,3
@GG0505,1994-03-13,1,0.5779839560863732,3
@GG0505,1994-03-14,1,0.6608902648277681,3
@GG0505,1994-03-16,1,0.6106738888612431,3
@GG0505,1994-03-19,1,0.5809488795251054,3
@GG0505,1994-03-23,0,0.5608952709074906,3
@GG0505,1994-04-03,1,0.4813717800224665,3
@GG0505,1994-04-04,1,0.6661627453863929,3
@GG0505,1994-04-08,1,0.5616763696151884,3
@GG0505,1994-04-10,1,0.6154557112322192,3
@GG0505,1994-04-12,1,0.6161709269408326,3
@GG0506,1983-05-19,1,0.3691385345760624,2
@GG0506,1983-05-22,0,0.4987341740119202,2
@GG0506,1983-06-05,1,0.345801397408036,2
@GG0506,1983-06-07,1,0.5452845625159908,2
@GG0506,1983-06-09,1,0.5535716360831364,2
@GG0506,1983-06-10,1,0.6265869649206753,2
@GG0506,1983-06-17,1,0.43459811271514576,2
@GG0506,1983-06-21,1,0.49243219234093366,2
@GG0506,1983-06-22,0,0.6327543497792572,2
@GG0506,1983-08-18,0,0.26323138964379517,2
@GG0506,1983-10-10,1,0.25654796172795463,2
@GG0506,1983-10-15,1,0.48763341067931926,2
@GG0506,1983-10-17,1,0.5834183667674262,2
@GG0506,1983-10-18,1,0.6529344441193592,2
@GG0506,1983-10-24,0,0.48728224264183934,2
@GG0506,1984-01-11,0,0.24547537897605276,2
@GG0506,1984-01-25,0,0.41306702980068577,2
@GG0506,1984-02-14,1,0.42761086013160765,2
@GG0506,1984-02-17,0,0.6117575617317068,2
@GG0506,1984-04-05,1,0.32051318171467696,2
@GG0506,1984-04-11,0,0.5087356457740262,2
@GG0507,1983-10-18,0,0.352064502015946,1
@GG0507,1983-11-01,1,0.3033892514290083,1
@GG0507,1983-11-03,1,0.5124065194907166,1
@GG0507,1983-11-10,0,0.38797310022234927,1
@GG0507,1983-11-18,0,0.3837685675627489,1
@GG0507,1983-12-01,0,0.33839449544751576,1
@GG0507,1983-12-22,0,0.3032848847589316,1
@GG0507,1984-01-08,1,0.3255167140164754,1
@GG0507,1984-01-10,0,0.5450337837292105,1
@GG0507,1984-04-13,1,0.21683641104375923,1
@GG0507,1984-04-18,0,0.48425704865062535,1
@GG0507,1984-05-25,0,0.31354322016711944,1
@GG0507,1984-06-13,0,0.37374608422885275,1
@GG0507,1984-08-11,0,0.26709150440808554,1
@GG0507,1994-02-02,0,0.057435283744776876,1
@GG0507,1994-02-25,0,0.32443354104282845,1
@GG0507,1994-03-13,1,0.3709529345782915,1
@GG0507,1994-03-15,0,0.5862688319875676,1
@GG0507,1994-04-11,1,0.3277136238822491,1
@GG0508,1984-03-04,1,0.34425286702094593,4
@GG0508,1984-03-07,1,0.46683954612372697,4
@GG0508,1984-03-09,1,0.5237289674278282,4
@GG0508,1984-03-13,1,0.4674749702376257,4
@GG0508,1984-03-14,0,0.6121605491378236,4
@GG0508,1984-03-28,0,0.3652592723004518,4
@GG0508,1984-04-14,1,0.35899992160071936,4
@GG0508,1984-04-15,0,0.6337642447345901,4
@GG0508,1984-05-12,0,0.3447136692737402,4
@GG0508,1984-06-14,0,0.3309095911813436,4
@GG0508,1986-01-01,0,0.12916348866520785,4
@GG0508,1994-02-25,0,0.07176655218651048,4
@GG0508,1994-03-14,1,0.37833601182136195,4
@GG0508,1994-03-15,0,0.65046604736775,4
@GG0508,1994-04-01,0,0.3970259129666256,4
@GG0508,1994-04-11,1,0.4449104537159782,4
@GG0511,1985-06-29,0,0.14565225627769213,3
@GG0511,1993-08-21,1,0.028124433786033735,3
@GG0511,1993-08-22,1,0.2843061031403509,3
@GG0511,1993-08-24,0,0.2509630899471893,3
@GG0511,1994-03-10,1,0.07265905279674162,3
@GG0511,1994-03-14,1,0.21886720038197138,3
@GG0511,1994-03-18,0,0.223999355059843,3
@GG0511,1994-03-30,1,0.1752198512088838,3
@GG0511,1994-04-06,1,0.20268169954568174,3
@GW0101,1976-01-01,0,0.31723356986148343,1
@GW0101,1976-01-25,1,0.2424679446967522,1
@GW0101,1976-01-30,1,0.4005404512437212,1
@GW0101,1976-02-03,0,0.4395226696841527,1
@GW0101,1976-02-11,1,0.3779679862895634,1
@GW0101,1976-02-13,1,0.527588018475101,1
@GW0101,1976-02-14,0,0.6054092979701787,1
@GW0101,1976-02-22,1,0.39860173821661704,1
@GW0101,1976-02-23,0,0.6171730735694559,1
@GW0101,1976-03-02,1,0.41698137700019827,1
@GW0101,1976-03-03,1,0.634183077316735,1
@GW0101,1976-03-04,1,0.6381871724797268,1
@GW0101,1976-03-05,1,0.6418572667420329,1
@GW0101,1976-03-06,1,0.6454606400786546,1
@GW0101,1976-03-07,1,0.6488650848694106,1
@GW0101,1976-03-08,1,0.6519499084334153,1
@GW0101,1976-03-09,1,0.6549154933243457,1
@GW0101,1976-03-10,1,0.6577620010602194,1
@GW0101,1976-03-11,1,0.6600616525081041,1
@GW0101,1976-03-12,1,0.66213706901486,1
@GW0101,1976-03-17,1,0.5033715613559113,1
@GW0101,1976-03-18,1,0.6673344578197069,1
@GW0101,1976-03-20,1,0.6045155850079441,1
@GW0101,1976-03-21,1,0.674010568332967,1
@GW0101,1976-03-23,1,0.611113545744721,1
@GW0101,1976-03-27,1,0.5456361037730554,1
@GW0101,1976-03-29,1,0.6195601526348521,1
@GW0101,1976-03-30,1,0.6871727424047996,1
@GW0101,1976-04-01,1,0.6358991176194636,1
@GW0101,1976-04-03,1,0.6381883511313567,1
@GW0101,1976-04-04,1,0.7035930416293639,1
@GW0101,1976-04-06,1,0.6416580501478027,1
@GW0101,1976-04-11,0,0.5504789423179871,1
@GW0101,1976-05-01,1,0.41076730492204294,1
@GW0101,1976-05-04,1,0.6079412387953428,1
@GW0101,1976-05-05,0,0.7119306363293554,1
@GW0101,1976-06-12,0,0.35027483263523146,1
@GW0101,1976-06-30,0,0.43329716323533424,1
@GW0101,1976-07-31,1,0.3779794566570285,1
@GW0101,1976-08-03,0,0.6167939112566178,1
@GW0101,1976-08-25,1,0.425359312922373,1
@GW0101,1976-08-26,1,0.7297420790216679,1
@GW0101,1976-08-27,1,0.7307907050892901,1
@GW0101,1976-08-28,1,0.7316318915227707,1
@GW0101,1976-08-29,1,0.7323010442659982,1
@GW0101,1976-09-02,1,0.598557770857882,1
@GW0101,1976-09-04,1,0.6657033866459423,1
@GW0101,1976-09-07,0,0.6268521157246005,1
@GW0101,1976-09-20,1,0.4766724258641353,1
@GW0101,1976-09-21,1,0.7267494709362184,1
@GW0101,1976-09-22,1,0.7271945162825328,1
@GW0101,1976-09-23,1,0.7279541219466001,1
@GW0101,1976-09-28,1,0.5789870391928484,1
@GW0101,1976-10-02,1,0.5915927694572899,1
@GW0101,1976-10-04,0,0.6607064043439688,1
@GW0101,1976-10-16,1,0.4798970484994388,1
@GW0101,1976-10-17,1,0.7234481918514386,1
@GW0101,1976-10-18,0,0.7246264343281247,1
@GW0101,1976-11-12,1,0.3909958292910862,1
@GW0101,1976-11-13,1,0.7104332379763465,1
@GW0101,1976-11-14,1,0.7104638552856823,1
@GW0101,1976-11-16,0,0.6476323063496182,1
@PN0302,1984-08-12,0,0.34672672194892706,1
@PN0302,1984-09-30,0,0.21219262958943952,1
@PN0302,1984-12-07,1,0.19285617024092228,1
@PN0302,1984-12-08,0,0.5941731782588031,1
@PN0302,1984-12-19,1,0.359645456934785,1
@PN0302,1984-12-20,0,0.6114354001281903,1
@PN0302,1985-01-20,0,0.26593557388048955,1
@PN0302,1985-03-08,0,0.24661955996197066,1
@PN0302,1985-03-30,0,0.3173100000559751,1
@PN0302,1985-10-21,0,0.1670099506676486,1
@PN0302,1985-11-17,0,0.3220044337629831,1
@PN0302,1986-01-30,0,0.21512546558545256,1
@PN0302,1986-02-21,1,0.3327356551744083,1
@PN0302,1986-02-24,0,0.5379282223932391,1
@PN0302,1986-03-05,0,0.43198229913903996,1
@PN0302,1986-04-02,0,0.32711515317881945,1
@PN0302,1986-04-13,0,0.41729921260424396,1
@PN0302,1987-09-04,1,0.1423288688196657,1
@PN0302,1987-09-09,0,0.5344318873831904,1
@PN0302,1987-10-15,0,0.3251064515139257,1
@PN0302,1988-06-07,0,0.18764702607999598,1
@PN0302,1989-01-22,0,0.1850859572253668,1
@PN0302,1989-04-17,1,0.24853592041316538,1
@PN0303,1982-11-11,0,0.3582936064692437,0
@PN0303,1983-04-09,0,0.18358143039520286,0
@PN0303,1983-05-06,0,0.3445028160524478,0
@PN0303,1983-06-16,0,0.3116877765389563,0
@PN0303,1983-07-28,0,0.31483974185516356,0
@PN0303,1983-10-11,0,0.2517901380602526,0
@PN0303,1983-10-19,1,0.4530369473213279,0
@PN0303,1983-10-25,1,0.486525102524418,0
@PN0303,1983-10-31,1,0.4886280616586969,0
@PN0303,1983-11-03,1,0.5407862095556615,0
@PN0303,1983-11-10,0,0.4571362778680377,0
@PN0303,1983-12-09,1,0.3203157787643058,0
@PN0303,1983-12-12,1,0.5301004652813902,0
@PN0303,1983-12-13,0,0.633261875063307,0
@PN0303,1983-12-26,0,0.4110156207890248,0
@PN0303,1984-03-02,1,0.30850679155369953,0
@PN0303,1984-03-03,1,0.6845266447121866,0
@PN0303,1984-03-07,0,0.56125887853596,0
@PN0303,1984-03-23,1,0.42262439093665394,0
@PN0303,1984-03-29,1,0.5133961370616614,0
@PN0303,1984-03-31,1,0.6176435031141058,0
@PN0303,1984-04-02,1,0.6353882110411307,0
@PN0303,1984-04-03,0,0.6952825945330589,0
@PN0303,1984-04-28,1,0.3909675190660124,0
@PN0303,1984-04-29,0,0.6832717063736395,0
@PN0303,1984-05-23,0,0.4284495976774664,0
@PN0303,1984-06-05,0,0.49162736550244757,0
@PN0303,1984-06-18,0,0.48362480130870944,0
@PN0303,1984-07-15,1,0.42065494573627743,0
@PN0303,1984-07-17,0,0.6592438757126555,0
@PN0303,1984-08-05,0,0.44409492609842444,0
@PN0303,1984-09-11,0,0.3871957868532113,0
@PN0303,1984-09-24,1,0.48340892011243236,0
@PN0303,1984-09-27,0,0.6186604181121,0
@PN0303,1984-10-07,1,0.48845541927636643,0
@PN0303,1984-10-09,1,0.6368580700611287,0
@PN0303,1984-10-10,1,0.6955642032078972,0
@PN0303,1984-10-11,1,0.6971144936771049,0
@PN0303,1984-10-12,1,0.6983459791737757,0
@PN0303,1984-10-13,1,0.699462645157465,0
@PN0303,1984-10-14,1,0.7007818150823806,0
@PN0303,1984-10-17,1,0.6106094471418206,0
@PN0303,1984-10-22,1,0.5668148676562255,0
@PN0303,1984-10-23,1,0.7060004938342205,0
@PN0303,1984-10-24,1,0.707178517501065,0
@PN0303,1984-10-25,0,0.7082888349328257,0
@PN0303,1984-11-02,1,0.516522660282709,0
@PN0303,1984-11-07,0,0.5611614617919022,0
@PN0303,1984-11-19,1,0.4815728767120933,0
@PN0303,1984-11-24,1,0.5692362073815129,0
@PN0303,1984-11-26,0,0.6534891359214586,0
@PN0303,1984-12-04,1,0.5221336325562823,0
@PN0303,1984-12-05,1,0.7045416058389818,0
@PN0303,1984-12-06,1,0.7053311094854888,0
@PN0303,1984-12-07,1,0.7057341233059856,0
@PN0303,1984-12-13,1,0.5519629765791383,0
@PN0303,1984-12-17,1,0.590119592933234,0
@PN0303,1984-12-19,1,0.6500434753452098,0
@PN0303,1984-12-20,0,0.7062528022295511,0
@PN0303,1985-01-10,1,0.42184038345794866,0
@PN0303,1985-01-13,0,0.6007303267462725,0
@PN0303,1985-01-21,1,0.5142196509922757,0
@PN0303,1985-01-23,1,0.6414922361856764,0
@PN0303,1985-01-26,1,0.6068401126286643,0
@PN0303,1985-01-29,1,0.6078942787333731,0
@PN0303,1985-01-31,1,0.6447740951621866,0
@PN0303,1985-02-01,1,0.7071357746728911,0
@PN0303,1985-02-07,1,0.5557676997747589,0
@PN0303,1985-02-09,1,0.654408418637134,0
@PN0303,1985-02-12,1,0.6196623650455001,0
@PN0303,1985-02-13,1,0.7110406097854609,0
@PN0303,1985-02-14,1,0.7116124769686861,0
@PN0303,1985-02-17,1,0.618988217134916,0
@PN0303,1985-02-18,0,0.7097107718507394,0
@PN0303,1985-02-27,1,0.5196821006546657,0
@PN0303,1985-02-28,1,0.7112777559158303,0
@PN0303,1985-03-02,1,0.6661547320801077,0
@PN0303,1985-03-06,1,0.606216324446986,0
@PN0303,1985-03-10,0,0.6061983288168359,0
@PN0303,1985-04-03,1,0.46076430071949526,0
@PN0303,1985-04-09,0,0.590342195134891,0
@PN0303,1985-04-28,0,0.48120016551250383,0
@PN0303,1985-06-15,0,0.42429257204065407,0
@PN0303,1985-07-07,1,0.4952560055651998,0
@PN0303,1985-07-13,0,0.6152669895532981,0
@PN0303,1985-07-21,0,0.5909495413078361,0
@PN0303,1985-09-18,0,0.3803247747816409,0
@PN0303,1985-09-26,1,0.5671077943641143,0
@PN0303,1985-09-27,0,0.740965635788174,0
@PN0303,1985-12-07,1,0.34032029627566596,0
@PN0303,1985-12-09,1,0.6621078627545871,0
@PN0303,1985-12-16,1,0.5474976883229946,0
@PN0303,1985-12-20,1,0.600673701360623,0
@PN0303,1985-12-21,0,0.7169939224269608,0
@PN0303,1986-01-03,0,0.4881457460469033,0
@PN0303,1986-01-21,1,0.45136733023941616,0
@PN0303,1986-01-25,1,0.5913278640510344,0
@PN0303,1986-01-30,1,0.5728503966204,0
@PN0303,1986-02-04,1,0.5835648160316897,0
@PN0303,1986-02-07,1,0.6336395182093983,0
@PN0303,1986-02-09,1,0.6704761421177844,0
@PN0303,1986-02-11,1,0.6716369185275086,0
@PN0303,1986-02-12,1,0.726621037402816,0
@PN0303,1986-02-15,0,0.6393700586950276,0
@PN0303,1986-03-04,1,0.49229324314280937,0
@PN0303,1986-03-07,1,0.6489869617563604,0
@PN0303,1986-03-10,1,0.6488178445848946,0
@PN0303,1986-03-15,1,0.6038371158740231,0
@PN0303,1986-03-22,1,0.5732442308264837,0
@PN0303,1986-03-26,1,0.6234873869505465,0
@PN0303,1986-03-29,0,0.6476732164356755,0
@PN0303,1986-08-23,1,0.3324680746219488,0
@PN0303,1986-08-24,0,0.7629028676618714,0
@PN0303,1986-09-19,1,0.47304195518577924,0
@PN0303,1986-09-23,0,0.6432863219620748,0
@PN0303,1987-01-10,0,0.3030219700794475,0
@PN0303,1987-02-23,0,0.3903088902086271,0
@PN0303,1987-03-09,0,0.5114515397532688,0
@PN0303,1987-08-14,0,0.34974064716308806,0
@PN0303,1987-09-02,0,0.5116683194951632,0
@PN0303,1987-09-12,1,0.5692894506762904,0
@PN0303,1987-09-14,1,0.7063367466845506,0
@PN0303,1987-09-19,0,0.6287929041460568,0
@PN0303,1987-09-29,1,0.5640609268840906,0
@PN0303,1987-09-30,1,0.7534370256231553,0
@PN0303,1987-10-02,0,0.6883991218459786,0
@PN0303,1987-10-20,0,0.5068903512303778,0
@PN0303,1987-10-28,0,0.5878440986670614,0
@PN0303,1987-11-05,0,0.5767816204101748,0
@PN0303,1987-11-26,1,0.46834425125376594,0
@PN0303,1987-11-28,0,0.6784054721005789,0
@PN0303,1988-01-03,1,0.400384425491191,0
@PN0303,1988-01-05,0,0.6640566711538287,0
@PN0303,1988-02-19,1,0.3982574186301396,0
@PN0303,1988-02-26,0,0.5642345641369503,0
@PN0303,1988-03-15,1,0.4887856811036152,0
@PN0303,1988-03-20,0,0.6112552434818264,0
@PN0303,1988-05-24,0,0.3860484675817132,0
@PN0303,1988-06-23,0,0.4969877910503373,0
@PN0303,1988-07-03,0,0.6054666699820052,0
@PN0303,1988-08-11,0,0.47088459954468265,0
@PN0303,1988-09-13,0,0.44634824031797143,0
@PN0303,1988-09-25,0,0.5602235747880249,0
@PN0303,1988-12-04,0,0.3531612617763125,0
@PN0303,1988-12-19,1,0.501209037415795,0
@PN0303,1988-12-20,1,0.7361233051381323,0
@PN0303,1988-12-24,1,0.6365546616920672,0
@PN0303,1988-12-31,0,0.598543262559932,0
@PN0303,1989-01-12,0,0.541854692478663,0
@PN0303,1989-01-24,1,0.5173513253570767,0
@PN0303,1989-01-25,1,0.7295316591950834,0
@PN0303,1989-01-26,0,0.7288553224842677,0
@PN0303,1989-02-10,1,0.4895725050517231,0
@PN0303,1989-02-15,1,0.5930729380803859,0
@PN0303,1989-02-21,0,0.5775891356349803,0
@PN0303,1989-03-04,1,0.5296142916855499,0
@PN0303,1989-03-08,1,0.6214089682698896,0
@PN0303,1989-03-11,1,0.6444982449317102,0
@PN0303,1989-03-16,0,0.5968604837748317,0
@PN0303,1989-04-04,0,0.49539516138014494,0
@PN0401,1982-08-26,0,0.4018125409313344,0
@PN0401,1982-09-24,0,0.3037129364236811,0
@PN0401,1983-03-27,0,0.17443117089594354,0
@PN0401,1983-08-19,0,0.21715264628713024,0
@PN0401,1984-01-06,0,0.19213367361559014,0
@PN0401,1984-03-14,0,0.2622326271526672,0
@PN0401,1984-04-16,0,0.3231580327725638,0
@PN0401,1985-04-20,0,0.1712234932881723,0
@PN0401,1985-08-30,0,0.24487998197428393,0
@PN0401,1986-09-30,0,0.1763628542861649,0
@PN0401,1988-03-31,0,0.15642302119056656,0
@PN0402,1984-11-27,0,0.37734910910056435,0
@PN0402,1985-03-08,0,0.1977326290184475,0
@PN0402,1986-10-07,0,0.12593384337818847,0
@PN0402,1986-10-24,1,0.3730485026512265,0
@PN0402,1986-10-27,0,0.5454050363179825,0
@PN0402,1986-11-04,0,0.44998696925187287,0
@PN0402,1987-03-02,0,0.2234356033872261,0
@PN0402,1987-03-14,0,0.4128307544044206,0
@PN0402,1988-09-09,0,0.15113842802562938,0
AUSSAT-A1,1985-08-27,0,0.32839408209714444,3
AUSSAT-A1,1985-11-11,0,0.23129731605481446,3
AUSSAT-A1,1986-01-31,0,0.2305056161353248,3
AUSSAT-A1,1986-09-23,1,0.1850573770483813,3
AUSSAT-A1,1986-09-27,1,0.46399378846819767,3
AUSSAT-A1,1986-09-28,1,0.5813866460755621,3
AUSSAT-A1,1986-10-01,0,0.5035651834833703,3
AUSSAT-A1,1987-07-18,0,0.18658465485782424,3
AUSSAT-A1,1987-08-17,0,0.33635882891862867,3
AUSSAT-A1,1988-02-17,0,0.21285252041731917,3
AUSSAT-A1,1988-06-20,0,0.22555864230367648,3
AUSSAT-A1,1988-07-15,0,0.3343927307832012,3
AUSSAT-A1,1988-08-08,0,0.33356560124691437,3
AUSSAT-A1,1988-08-18,1,0.3949177736874722,3
AUSSAT-A1,1988-08-20,1,0.52382245111438,3
AUSSAT-A1,1988-08-26,0,0.43743086053414876,3
AUSSAT-A1,1988-09-15,0,0.3450093555306348,3
AUSSAT-A2,1986-05-07,1,0.4093237146845256,0
AUSSAT-A2,1986-05-10,0,0.5157039115488455,0
AUSSAT-A2,1986-06-02,0,0.3519949189266347,0
AUSSAT-A2,1986-07-28,1,0.2988883298514347,0
AUSSAT-A2,1986-08-01,1,0.5374933866837135,0
AUSSAT-A2,1986-08-07,0,0.5036726457490328,0
AUSSAT-A2,1986-08-24,1,0.4100502443893922,0
AUSSAT-A2,1986-08-30,1,0.510589745552248,0
AUSSAT-A2,1986-08-31,0,0.6751137151927932,0
AUSSAT-A2,1986-10-20,0,0.31238264918263026,0
AUSSAT-A2,1987-01-25,0,0.24000948569224873,0
AUSSAT-A2,1987-05-20,0,0.26747952262630365,0
AUSSAT-A2,1987-08-05,0,0.3161739643854572,0
AUSSAT-A2,1987-08-16,0,0.5038483053347794,0
AUSSAT-A2,1987-08-29,0,0.47233684011865973,0
AUSSAT-A2,1987-09-09,1,0.47512323495853204,0
AUSSAT-A2,1987-09-13,1,0.5708180148710278,0
AUSSAT-A2,1987-09-19,0,0.5328807120411893,0
AUSSAT-A2,1987-10-02,0,0.4429990760199211,0
AUSSAT-A2,1987-12-02,0,0.2886748329995033,0
AUSSAT-A2,1988-03-12,0,0.2668523385845171,0
AUSSAT-A2,1988-04-09,0,0.4121324192085462,0
AUSSAT-A2,1988-07-02,0,0.33777318080340635,0
AUSSAT-A2,1988-07-12,0,0.532707810711253,0
AUSSAT-A2,1988-07-20,0,0.55713533078062,0
AUSSAT-A2,1988-09-28,0,0.3286226783577386,0
AUSSAT-A2,1988-11-23,0,0.32282094783239873,0
AUSSAT-A2,1989-01-12,0,0.3429520364579774,0
AUSSAT-A2,1989-03-24,0,0.2924363894087849,0
AUSSAT-A2,1989-04-09,0,0.4414987631935136,0
AUSSAT-A2,1990-05-29,0,0.20475591967511156,0
AUSSAT-A2,1990-09-24,0,0.2739523885636483,0
AUSSAT-A3,1987-10-01,0,0.3784713867150271,0
AUSSAT-A3,1987-11-28,0,0.2272301343935173,0
AUSSAT-A3,1988-02-25,0,0.20822284799462318,0
AUSSAT-A3,1988-03-31,0,0.3038154886831527,0
AUSSAT-A3,1988-07-26,0,0.25691745833598806,0
AUSSAT-A3,1988-08-17,0,0.387614798653776,0
AUSSAT-A3,1988-09-08,1,0.36286842343662035,0
AUSSAT-A3,1988-09-15,0,0.4715201621193041,0
AUSSAT-A3,1989-01-01,0,0.2478455452946186,0
AUSSAT-A3,1989-04-20,0,0.2353438908034713,0
AUSSAT-A3,1989-05-02,0,0.44048874715781344,0
AUSSAT-A3,1989-05-28,0,0.38640194643377485,0
AUSSAT-A3,1989-06-19,0,0.4360485421013909,0
AUSSAT-A3,1989-08-31,0,0.30743036522431183,0
AUSSAT-A3,1990-05-29,0,0.21062694543450952,0
AUSSAT-A3,1990-09-15,0,0.2749416665068806,0
AUSSAT-A3,1990-10-20,1,0.33770297542937155,0
DMSP F-6,1983-01-11,0,0.5336182143604876,4
DMSP F-6,1983-02-22,0,0.4010877606121742,4
DMSP F-6,1984-10-18,0,0.2326754266503891,4
DMSP F-6,1984-11-12,0,0.5202649388868882,4
DMSP F-6,1985-01-07,0,0.4412920781873773,4
DMSP F-6,1985-07-05,0,0.385428341100455,4
DMSP F-6,1985-09-04,0,0.4776162626925442,4
DMSP F-6,1986-09-24,0,0.3185523844467195,4
DMSP F-6,1986-12-10,1,0.4377300473607595,4
DMSP F-6,1986-12-16,0,0.6819850214358817,4
DMSP F-6,1986-12-30,0,0.6126213603018216,4
ECS-1,1979-02-06,0,0.3811539081086999,2
ECS-1,1983-06-16,0,0.07089941483963962,2
ECS-1,1983-07-11,0,0.2928629414375004,2
ECS-1,1984-06-16,1,0.1305711470251894,2
ECS-1,1984-06-17,0,0.6114884588602008,2
ECS-1,1984-08-27,1,0.22818115932681474,2
ECS-1,1984-09-01,0,0.46663481317344047,2
ECS-1,1984-09-23,0,0.33772596352084927,2
ECS-1,1984-10-06,0,0.3771202569060243,2
ECS-1,1984-12-01,0,0.28365160447480564,2
ECS-1,1985-01-13,0,0.28962673453903537,2
ECS-1,1985-07-08,0,0.20289024230851538,2
GMS-2,1981-09-22,1,0.35907759498598724,2
GMS-2,1981-09-26,0,0.44015264361512163,2
GMS-2,1982-03-18,0,0.16077334326944331,2
GMS-2,1982-04-04,0,0.33038799630571974,2
GMS-2,1982-07-31,0,0.2032479413560562,2
GMS-2,1982-09-03,0,0.29322417967514114,2
GMS-2,1983-01-31,0,0.17062836660439057,2
GMS-2,1983-04-21,0,0.2337387698811286,2
GMS-2,1983-05-21,0,0.35451254750838107,2
GMS-2,1983-09-03,0,0.20289674075459566,2
GMS-3,1984-09-03,0,0.3925247428243444,0
GMS-3,1984-12-15,0,0.19477413932253898,0
GMS-3,1984-12-29,0,0.3446932449898023,0
GMS-3,1985-03-01,0,0.25063638278584077,0
GMS-3,1985-03-09,0,0.42616958049169185,0
GMS-3,1985-04-06,0,0.3422334449632242,0
GMS-3,1985-06-14,0,0.2970752153214215,0
GMS-3,1985-07-07,1,0.39271554016569343,0
GMS-3,1985-07-10,0,0.5853554249657853,0
GMS-3,1985-08-01,1,0.40479180335570636,0
GMS-3,1985-08-05,0,0.5617465909301494,0
GMS-3,1985-08-16,0,0.4681234393485568,0
GMS-3,1985-08-29,0,0.45089347864359536,0
GMS-3,1985-09-24,1,0.3807554133930902,0
GMS-3,1985-09-27,1,0.5835243955393993,0
GMS-3,1985-09-28,0,0.6817027717103535,0
GMS-3,1985-10-07,1,0.47546545701323867,0
GMS-3,1985-10-11,0,0.5531212611053622,0
GMS-3,1986-01-26,0,0.24324574482712408,0
GMS-3,1986-02-09,0,0.42736335066267567,0
GMS-3,1986-03-20,0,0.3482879813974281,0
GMS-3,1986-05-10,1,0.35714139393952105,0
GMS-3,1986-05-11,0,0.7080510851647568,0
GMS-3,1986-08-06,0,0.321822868761511,0
GMS-3,1986-08-17,0,0.5040878404019967,0
GMS-3,1986-08-25,1,0.5349271528630233,0
GMS-3,1986-08-26,1,0.715419247354458,0
GMS-3,1986-08-29,0,0.6259779290099273,0
GMS-3,1986-09-16,1,0.45047800823827383,0
GMS-3,1986-09-20,1,0.5898137116435116,0
GMS-3,1986-09-27,0,0.5392786088339371,0
GMS-3,1986-11-26,0,0.32099772532719123,0
GMS-3,1987-11-19,0,0.1958661491299105,0
GMS-3,1988-07-28,0,0.2626070734038114,0
GOES-4,1981-03-29,1,0.2881293615746401,3
GOES-4,1981-04-01,0,0.3893000308282638,3
GOES-4,1981-04-13,1,0.30388314435848396,3
GOES-4,1981-04-14,1,0.503476110400968,3
GOES-4,1981-04-17,1,0.4269880816841974,3
GOES-4,1981-04-19,1,0.46728175560465635,3
GOES-4,1981-04-20,1,0.5296515514850446,3
GOES-4,1981-04-21,1,0.535458782468027,3
GOES-4,1981-04-24,1,0.4525932544743246,3
GOES-4,1981-04-26,0,0.4883796527173293,3
GOES-4,1981-06-15,0,0.24503301112794376,3
GOES-4,1981-10-03,0,0.21230988714034726,3
GOES-4,1981-11-23,0,0.25654215026350913,3
GOES-4,1981-12-30,0,0.28705321399960554,3
GOES-4,1982-01-31,1,0.3005569388362781,3
GOES-4,1982-02-04,0,0.45952973926732493,3
GOES-4,1982-03-21,1,0.27967721305084836,3
GOES-4,1982-03-25,1,0.45863375333606865,3
GOES-4,1982-03-30,1,0.43987834122041736,3
GOES-4,1982-04-06,0,0.40810188677765324,3
GOES-4,1982-04-23,1,0.34045683924415093,3
GOES-4,1982-04-25,1,0.5082410123220572,3
GOES-4,1982-05-01,0,0.4268918191408897,3
GOES-4,1982-08-25,0,0.24209859035367115,3
GOES-4,1982-09-07,0,0.3999807481498109,3
GOES-4,1982-09-23,1,0.3838161733621328,3
GOES-4,1982-09-27,1,0.4896195057715428,3
GOES-4,1982-09-30,0,0.5135881284290362,3
GOES-4,1982-10-08,0,0.4478369060681445,3
GOES-4,1982-10-30,1,0.361343669011861,3
GOES-4,1982-11-02,0,0.5191078365249595,3
GOES-4,1982-11-26,0,0.36517520457858055,3
GOES-4,1983-01-15,0,0.304194809095659,3
GOES-4,1983-05-23,0,0.2619864958200385,3
GOES-4,1983-10-14,0,0.2600239363134815,3
GOES-4,1985-06-01,0,0.19160713318462272,3
GOES-4,1987-05-05,0,0.1858138029635619,3
GOES-4,1988-04-15,0,0.21412556332749366,3
GOES-4,1988-04-30,0,0.41949745232471164,3
GOES-4,1988-08-12,0,0.2724547189617343,3
GOES-5,1981-06-15,0,0.3302685228580049,1
GOES-5,1981-08-20,1,0.2296446903952448,1
GOES-5,1981-08-23,1,0.5344144502142392,1
GOES-5,1981-08-28,1,0.4957054424350557,1
GOES-5,1981-08-29,0,0.6691492057127324,1
GOES-5,1981-09-11,1,0.4299838749850825,1
GOES-5,1981-09-12,1,0.6935415393135422,1
GOES-5,1981-09-18,0,0.5140472910088882,1
GOES-5,1981-10-10,1,0.3523811944325285,1
GOES-5,1981-10-11,1,0.6676083984652368,1
GOES-5,1981-10-12,0,0.6718866461087896,1
GOES-5,1981-10-21,0,0.46854419183249846,1
GOES-5,1981-11-12,1,0.34800509743877683,1
GOES-5,1981-11-19,1,0.4604640156796044,1
GOES-5,1981-11-22,1,0.5532258686446244,1
GOES-5,1981-11-23,0,0.6651964550341032,1
GOES-5,1981-12-30,0,0.3090445902910172,1
GOES-5,1982-02-04,1,0.31327550241114643,1
GOES-5,1982-02-05,0,0.6753831817336062,1
GOES-5,1982-02-14,0,0.48305350114864426,1
GOES-5,1982-02-26,0,0.4547202061516359,1
GOES-5,1982-03-22,0,0.37434090418498517,1
GOES-5,1982-04-03,1,0.4480787018582559,1
GOES-5,1982-04-06,0,0.591098827438813,1
GOES-5,1982-04-25,1,0.38863534470776984,1
GOES-5,1982-04-27,1,0.6217077754074813,1
GOES-5,1982-04-28,0,0.687994293177636,1
GOES-5,1982-07-27,0,0.29314143118152625,1
GOES-5,1982-09-04,0,0.35991702880402343,1
GOES-5,1982-10-02,1,0.37656289981901914,1
GOES-5,1982-10-03,1,0.7097628821977547,1
GOES-5,1982-10-07,0,0.5847108133634953,1
GOES-5,1983-01-01,0,0.2694535303559112,1
GOES-5,1983-01-18,0,0.3912231997068827,1
GOES-5,1983-02-07,1,0.37407075291241254,1
GOES-5,1983-02-08,0,0.6768538306631452,1
GOES-5,1983-03-22,1,0.32785655866823965,1
GOES-5,1983-03-23,1,0.699892398658175,1
GOES-5,1983-03-24,1,0.7007862898254771,1
GOES-5,1983-03-30,1,0.5218560310344476,1
GOES-5,1983-04-04,1,0.5494889855770424,1
GOES-5,1983-04-07,1,0.6026294833128836,1
GOES-5,1983-04-10,1,0.608660728315173,1
GOES-5,1983-04-12,1,0.6501989543039306,1
GOES-5,1983-04-15,0,0.609821680538163,1
GOES-5,1983-04-27,0,0.48156074828774886,1
GOES-5,1983-06-16,0,0.3519603553686137,1
GOES-5,1983-08-25,1,0.3190549114764993,1
GOES-5,1983-08-26,0,0.7334570302860598,1
GOES-5,1984-01-01,0,0.23350498148262833,1
GOES-5,1984-03-30,1,0.2773702315671847,1
GOES-5,1984-04-02,1,0.6271688449353658,1
GOES-5,1984-04-03,0,0.7281598550480192,1
GOES-5,1984-04-26,0,0.4003148902506899,1
GOES-5,1984-07-01,0,0.3192623678677412,1
GOES-5,1984-07-09,0,0.5397765552462886,1
GOES-5,1984-07-22,0,0.48730605823036366,1
GOES-5,1984-07-30,0,0.5345971926335973,1
GOES-5,1985-03-23,0,0.19787144274092514,1
GOES-5,1985-04-12,0,0.42729694101593396,1
GOES-5,1985-06-06,0,0.34982620243378215,1
GOES-5,1985-09-10,0,0.28203287847777153,1
GOES-5,1985-10-14,0,0.3720412164551016,1
GOES-5,1986-07-10,0,0.2156000575373726,1
GOES-5,1986-09-14,0,0.32411058331037135,1
GOES-5,1987-02-19,0,0.22398276257888505,1
GOES-5,1987-10-05,0,0.2141357138317415,1
GOES-5,1987-10-16,0,0.5027883026671478,1
GOES-5,1988-01-31,0,0.2751519124214172,1
GOES-5,1989-03-12,0,0.17452829885252874,1
GOES-6,1984-07-07,0,0.3508859884694198,4
GOES-6,1984-07-19,0,0.34919129963041307,4
GOES-6,1984-09-04,0,0.25074111966297724,4
GOES-6,1985-03-28,0,0.157448868004941,4
GOES-6,1985-09-10,0,0.183391868228385,4
GOES-6,1985-09-25,0,0.3741425431516708,4
GOES-6,1986-03-17,0,0.18489382230873186,4
GOES-6,1986-06-25,0,0.23891685626451245,4
GOES-6,1986-08-17,0,0.2969637110702226,4
GOES-6,1986-09-27,0,0.31317648314667357,4
GOES-6,1986-10-08,0,0.42922526881789613,4
GOES-6,1986-12-06,0,0.2633222835049536,4
GOES-6,1987-04-29,0,0.233008044205692,4
GOES-6,1987-05-14,0,0.42243537857056557,4
GOES-6,1987-06-24,0,0.3307651384784013,4
GOES-6,1987-09-02,0,0.29480735994212637,4
GOES-6,1987-09-12,1,0.4724822616326776,4
GOES-6,1987-09-14,1,0.6281730584224087,4
GOES-6,1987-09-16,1,0.6298272914278935,4
GOES-6,1987-09-18,1,0.6317594097402663,4
GOES-6,1987-09-25,0,0.5138256942647602,4
GOES-6,1987-10-05,0,0.46664894440865345,4
GOES-6,1987-10-27,1,0.40960896210488734,4
GOES-6,1987-10-28,1,0.7003490883013251,4
GOES-6,1987-11-01,0,0.5702855257208618,4
GOES-6,1987-11-11,0,0.478683093026383,4
GOES-6,1988-02-16,0,0.267629504831115,4
GOES-6,1988-03-04,1,0.41864421025674037,4
GOES-6,1988-03-09,0,0.5401685382413451,4
GOES-6,1988-04-01,0,0.4198926381045167,4
GOES-6,1988-04-19,0,0.4572687875380258,4
GOES-6,1988-07-17,0,0.3240227242068153,4
GOES-6,1988-11-21,0,0.25782644361374796,4
GOES-6,1989-01-21,0,0.3094147183460494,4
GOES-6,1989-02-14,0,0.3840352505989262,4
GOES-6,1989-08-05,0,0.24431495529090747,4
GOES-6,1989-08-28,1,0.4373261059337161,4
GOES-6,1989-08-29,0,0.7239120498997018,4
GOES-6,1989-09-30,0,0.40591510961261734,4
GOES-6,1989-10-19,1,0.4220223905914764,4
GOES-6,1989-10-20,1,0.6983546023796007,4
GOES-6,1989-10-23,1,0.6087593198198836,4
GOES-6,1989-10-25,1,0.6492426196126807,4
GOES-6,1989-10-26,0,0.7092308406424507,4
GOES-6,1990-11-19,0,0.18676089229730947,4
GOES-6,1991-03-24,0,0.2654428168476937,4
GOES-6,1991-06-05,1,0.33830868103696854,4
GOES-6,1991-06-11,0,0.5857209771796542,4
GOES-6,1991-08-06,0,0.35653499815821077,4
GOES-6,1991-09-18,0,0.3713393688798616,4
GOES-6,1992-06-25,1,0.22968975166875574,4
GOES-6,1992-06-28,0,0.6378560778291971,4
GOES-6,1993-02-22,0,0.22582014002799425,4
GOES-6,1993-03-16,0,0.43640198453513956,4
GOES-6,1993-07-24,0,0.3052027193625937,4
GOES-6,1993-08-05,0,0.5232640689930567,4
GOES-6,1994-01-28,0,0.2515492342117172,4
GOES-6,1994-03-26,0,0.3442247959702795,4
GOES-7,1986-05-03,0,0.35532871050085785,4
GOES-7,1987-09-14,1,0.11120175389073243,4
GOES-7,1987-09-16,1,0.5370520083979428,4
GOES-7,1987-09-23,0,0.4286181182115613,4
GOES-7,1988-06-10,0,0.16409975187151996,4
GOES-7,1989-03-17,1,0.14305265091529834,4
GOES-7,1989-03-21,0,0.47474324480779057,4
GOES-7,1989-03-31,1,0.392889330096226,4
GOES-7,1989-04-01,0,0.6302205463171734,4
GPS 5111,1984-10-28,0,0.379910836074188,0
GPS 5111,1984-11-09,1,0.34897436850085584,0
GPS 5111,1984-11-11,0,0.5292503126423154,0
GPS 5111,1984-12-12,0,0.297980732886468,0
GPS 5111,1985-01-14,0,0.28624512452568796,0
GPS 5111,1985-01-30,0,0.355929748825935,0
GPS 5111,1985-02-08,1,0.421752808571509,0
GPS 5111,1985-02-15,0,0.45019661830590535,0
GPS 5111,1985-02-28,0,0.39616773690730234,0
GPS 5111,1985-05-26,0,0.2862781248239306,0
GPS 5111,1985-07-02,0,0.36560792342821224,0
GPS 5111,1985-07-28,0,0.400546159289959,0
GPS 5111,1985-09-08,0,0.3347429471228939,0
GPS 5113,1984-10-30,0,0.35940703090077875,1
GPS 5113,1984-12-14,0,0.2231311470528463,1
GPS 5113,1985-01-14,1,0.24907121203364033,1
GPS 5113,1985-01-19,1,0.43036673095682276,1
GPS 5113,1985-01-23,1,0.46736833290423435,1
GPS 5113,1985-01-30,1,0.41969718995116506,1
GPS 5113,1985-02-02,1,0.5188352579350788,1
GPS 5113,1985-02-07,1,0.47426779557522,1
GPS 5113,1985-02-12,1,0.4798636654658409,1
GPS 5113,1985-02-15,0,0.5376121317991496,1
GPS 5113,1985-02-28,0,0.3882910959165705,1
GPS 5113,1985-04-14,0,0.2972744851776891,1
GPS 5113,1985-04-27,0,0.41533669330401274,1
GPS 5113,1985-06-13,1,0.3214916840767584,1
GPS 5113,1985-06-14,1,0.7047107620892321,1
GPS 5113,1985-06-16,1,0.6437229130607733,1
GPS 5113,1985-06-21,0,0.5531101534036552,1
GPS 5113,1985-07-09,1,0.4251218642939639,1
GPS 5113,1985-07-10,1,0.7141397583217896,1
GPS 5113,1985-07-12,0,0.6545685020647046,1
GPS 5113,1985-07-21,1,0.506196689062877,1
GPS 5113,1985-07-23,1,0.6595964142586104,1
GPS 5113,1985-07-27,0,0.5949139043835975,1
GPS 5113,1985-08-08,0,0.4739461350101882,1
GPS 5113,1985-09-12,0,0.3534843139482872,1
GPS 5113,1985-10-21,1,0.34502430433707443,1
GPS 5113,1985-10-26,0,0.5638693895176315,1
GPS 5113,1986-01-29,1,0.2411021119595567,1
GPS 5113,1986-01-30,1,0.6812132581252267,1
GPS 5113,1986-02-02,0,0.580531539423017,1
GPS 5113,1986-02-14,1,0.4527624522752826,1
GPS 5113,1986-02-15,0,0.7012440528322119,1
GPS 5113,1986-02-24,1,0.4874098828018416,1
GPS 5113,1986-03-02,0,0.5380237578272198,1
GPS 5113,1986-03-17,1,0.4393991806969754,1
GPS 5113,1986-03-18,0,0.7089473255845454,1
GPS 5113,1986-04-02,0,0.4478066490067051,1
GPS 5113,1986-04-15,0,0.4617905934324213,1
GPS 5113,1986-05-27,0,0.36177825294118804,1
GPS 5113,1986-06-12,1,0.4702107738349404,1
GPS 5113,1986-06-19,0,0.5519499609886815,1
GPS 5113,1986-06-27,1,0.5342226196806632,1
GPS 5113,1986-07-02,0,0.5883042594261172,1
GPS 5113,1986-07-24,0,0.4534916680048014,1
GPS 5113,1986-08-01,1,0.5585283482929049,1
GPS 5113,1986-08-02,1,0.7507962836447757,1
GPS 5113,1986-08-03,0,0.7510072283591416,1
GPS 5113,1986-08-18,0,0.48679967614594777,1
GPS 5113,1986-09-07,1,0.4485653146752752,1
GPS 5113,1986-09-08,1,0.740193346840305,1
GPS 5113,1986-09-09,1,0.7411361630928832,1
GPS 5113,1986-09-15,1,0.5765474527390042,1
GPS 5113,1986-09-21,1,0.575075828479822,1
GPS 5113,1986-09-26,0,0.5938313621489443,1
GPS 5113,1986-10-05,0,0.52541213512865,1
GPS 5113,1986-10-17,0,0.5029382504450818,1
GPS 5113,1986-11-11,1,0.43326534475979556,1
GPS 5113,1986-11-16,0,0.597589888872687,1
GPS 5113,1986-11-24,0,0.5356124056331566,1
GPS 5113,1986-12-25,0,0.3731521358360175,1
GPS 5113,1987-01-04,1,0.48794386685349245,1
GPS 5113,1987-01-05,0,0.7138641134554446,1
GPS 5113,1987-01-29,1,0.4077367548477444,1
GPS 5113,1987-01-30,1,0.7218990871287932,1
GPS 5113,1987-02-02,0,0.6234293652768559,1
GPS 5113,1987-03-13,0,0.3712355454214147,1
GPS 5113,1987-03-21,1,0.5365529761029059,1
GPS 5113,1987-03-24,0,0.6375212359301253,1
GPS 5113,1987-04-02,1,0.5378975829051968,1
GPS 5113,1987-04-06,1,0.6208539468152686,1
GPS 5113,1987-04-09,1,0.6536845280275458,1
GPS 5113,1987-04-16,1,0.5817851530567272,1
GPS 5113,1987-04-18,1,0.702509877095673,1
GPS 5113,1987-04-19,1,0.7598460302846263,1
GPS 5113,1987-04-25,1,0.6016276418729988,1
GPS 5113,1987-04-28,1,0.6686421767934614,1
GPS 5113,1987-04-30,1,0.7059015978964067,1
GPS 5113,1987-05-07,1,0.5934560572404364,1
GPS 5113,1987-05-08,1,0.7654045834816595,1
GPS 5113,1987-05-09,1,0.7641846993057767,1
GPS 5113,1987-05-12,1,0.6668790202525332,1
GPS 5113,1987-05-17,1,0.6174266101945557,1
GPS 5113,1987-05-18,1,0.7603966131906146,1
GPS 5113,1987-05-25,0,0.5889788159317317,1
GPS 5113,1987-06-02,1,0.5827475907476892,1
GPS 5113,1987-06-06,1,0.6485951831542325,1
GPS 5113,1987-06-08,1,0.7105749384502555,1
GPS 5113,1987-06-13,0,0.6221923216748656,1
GPS 5113,1987-09-25,1,0.31828104038678307,1
GPS 5113,1987-10-01,1,0.5920223266313855,1
GPS 5113,1987-10-02,1,0.7536184824499234,1
GPS 5113,1987-10-08,1,0.5880989302461462,1
GPS 5113,1987-10-13,1,0.6132369099759956,1
GPS 5113,1987-10-19,1,0.6072773333860539,1
GPS 5113,1987-10-25,0,0.6130774688498547,1
GPS 5113,1987-11-20,1,0.43808700480744867,1
GPS 5113,1987-11-21,0,0.7527103202007323,1
GPS 5113,1987-12-01,0,0.5210244579519082,1
GPS 5113,1987-12-12,1,0.5096873868051793,1
GPS 5113,1987-12-13,1,0.7385058455579747,1
GPS 5113,1987-12-15,0,0.6783684130698727,1
GPS 5113,1987-12-24,1,0.5221309611092286,1
GPS 5113,1987-12-29,1,0.586227664910576,1
GPS 5113,1988-01-05,1,0.5527927068085956,1
GPS 5113,1988-01-11,1,0.5771903409434488,1
GPS 5113,1988-01-18,1,0.571988433073575,1
GPS 5113,1988-01-22,1,0.6353514173756118,1
GPS 5113,1988-01-24,0,0.7008433054258297,1
GPS 5113,1988-02-01,0,0.5744006495466166,1
GPS 5113,1988-02-10,0,0.5575353892339362,1
GPS 5113,1989-05-14,0,0.21279427142656868,1
GPS 5113,1989-05-23,0,0.5867010603144572,1
GPS 5113,1989-06-05,1,0.5762043791420526,1
GPS 5113,1989-06-07,1,0.7494850394880869,1
GPS 5113,1989-06-14,0,0.6504696609847839,1
GPS 5113,1989-07-12,1,0.5058033375602551,1
GPS 5113,1989-07-13,0,0.8009373163445795,1
GPS 5113,1989-07-31,1,0.5049613389501618,1
GPS 5113,1989-08-02,0,0.7202125726345243,1
GPS 5113,1989-09-17,0,0.44430341303497006,1
GPS 5113,1989-10-20,1,0.4393026601406066,1
GPS 5113,1989-10-21,1,0.7732060975458473,1
GPS 5113,1989-10-22,1,0.7757392936312578,1
GPS 5113,1989-10-23,1,0.7776680992374818,1
GPS 5113,1989-10-24,1,0.7792736561602965,1
GPS 5113,1989-10-25,1,0.7805400908970344,1
GPS 5113,1989-10-26,0,0.7809648790592799,1
GPS 5113,1989-11-11,0,0.5260244995466268,1
GPS 5113,1989-11-24,0,0.5427985960825995,1
GPS 5113,1989-12-10,0,0.5144422998853356,1
GPS 5113,1990-01-04,0,0.45445690980084397,1
GPS 5113,1990-01-18,0,0.5316035811969207,1
GPS 5113,1990-01-29,1,0.5541968958372211,1
GPS 5113,1990-02-03,0,0.6379233682721086,1
GPS 5113,1990-02-11,0,0.5783287153570711,1
GPS 5113,1990-02-19,1,0.5531277891286366,1
GPS 5113,1990-02-25,1,0.5831108847173918,1
GPS 5113,1990-03-03,1,0.5949171168415693,1
GPS 5113,1990-03-05,1,0.7004915130239718,1
GPS 5113,1990-03-09,1,0.6378403778226982,1
GPS 5113,1990-03-14,0,0.6200510431674028,1
GPS 5113,1990-04-03,0,0.4973956932246963,1
GPS 5113,1990-04-13,1,0.5831401321814592,1
GPS 5113,1990-04-19,1,0.6317452235803465,1
GPS 5113,1990-04-24,0,0.6510863816434513,1
GPS 5113,1990-05-29,0,0.4606900504515705,1
GPS 5113,1990-06-11,1,0.5672516223197552,1
GPS 5113,1990-06-17,0,0.6352593296137097,1
GPS 5113,1990-06-27,1,0.5709106164095549,1
GPS 5113,1990-07-04,1,0.6379745291028853,1
GPS 5113,1990-07-05,1,0.8011571605257614,1
GPS 5114,1984-10-25,0,0.31892575093244685,4
GPS 5114,1984-12-12,0,0.2071324240780061,4
GPS 5114,1985-01-04,1,0.2652067095231419,4
GPS 5114,1985-01-06,1,0.49714285282308446,4
GPS 5114,1985-01-12,0,0.40054099915110036,4
GPS 5114,1985-02-07,0,0.2895730376813948,4
GPS 5114,1985-02-15,1,0.3995425495251492,4
GPS 5114,1985-02-16,0,0.6048451729126598,4
GPS 5114,1985-02-28,0,0.3725960289296918,4
GPS 5114,1985-05-23,1,0.24841595463480648,4
GPS 5114,1985-05-29,0,0.48289938041860225,4
GPS 5114,1985-06-06,1,0.46439998847202757,4
GPS 5114,1985-06-12,1,0.49719263428967814,4
GPS 5114,1985-06-13,1,0.6685206808274904,4
GPS 5114,1985-06-17,1,0.5432705250891013,4
GPS 5114,1985-06-20,1,0.5731664958670046,4
GPS 5114,1985-06-27,1,0.4948222870579963,4
GPS 5114,1985-06-28,1,0.6787246443326793,4
GPS 5114,1985-07-05,0,0.5015422995429155,4
GPS 5114,1985-07-31,0,0.381706429870472,4
GPS 5114,1985-08-11,0,0.45626552256420716,4
GPS 5114,1985-09-28,0,0.31514568478172533,4
GPS 5114,1985-10-17,0,0.39244900791559845,4
GPS 5114,1986-01-29,1,0.23270066065844666,4
GPS 5114,1986-02-02,0,0.5254978961617252,4
GPS 5114,1986-02-18,1,0.403713416623586,4
GPS 5114,1986-02-23,0,0.5182980257550677,4
GPS 5114,1986-03-21,0,0.367117402063602,4
GPS 5114,1986-04-03,0,0.4392783624376813,4
GPS 5114,1986-04-13,0,0.4646735085841048,4
GPS 5114,1986-05-01,0,0.42838988629680524,4
GPS 5114,1986-06-10,1,0.3608491137056114,4
GPS 5114,1986-06-11,0,0.7045340722637923,4
GPS 5114,1986-06-21,1,0.49002423749796115,4
GPS 5114,1986-06-27,0,0.5386621649532787,4
GPS 5114,1986-07-22,0,0.4171302918436334,4
GPS 5114,1986-08-06,0,0.463151623871358,4
GPS 5114,1986-08-18,1,0.48221537146554316,4
GPS 5114,1986-08-24,0,0.5510280787168556,4
GPS 5114,1986-09-11,0,0.4370953911860826,4
GPS 5114,1986-09-20,0,0.5036100042656028,4
GPS 5114,1986-10-01,1,0.4748364125253015,4
GPS 5114,1986-10-05,1,0.5751774725930427,4
GPS 5114,1986-10-07,1,0.6411376369500862,4
GPS 5114,1986-10-09,0,0.6430620583630426,4
GPS 5114,1986-11-14,0,0.37249184167893584,4
GPS 5114,1986-11-24,1,0.4834616066234511,4
GPS 5114,1986-11-26,1,0.6345776613885031,4
GPS 5114,1986-11-28,0,0.6337572516756935,4
GPS 5114,1986-12-17,0,0.40625032984158244,4
GPS 5114,1986-12-30,0,0.4447571606871562,4
GPS 5114,1987-01-16,0,0.421566546628362,4
GPS 5114,1987-01-29,1,0.45306081038221496,4
GPS 5114,1987-01-30,1,0.6927950746686813,4
GPS 5114,1987-02-03,1,0.5712769370554327,4
GPS 5114,1987-02-04,0,0.6964597580841929,4
GPS 5114,1987-04-20,1,0.32807732618646923,4
GPS 5114,1987-04-22,1,0.6676410937882004,4
GPS 5114,1987-04-24,0,0.6687732961623675,4
GPS 5114,1987-05-03,1,0.5405743319242592,4
GPS 5114,1987-05-07,1,0.6134866415639035,4
GPS 5114,1987-05-08,1,0.7306827979635374,4
GPS 5114,1987-05-15,1,0.5523433538506975,4
GPS 5114,1987-05-22,0,0.5552837555088118,4
GPS 5114,1987-06-05,0,0.494187693745214,4
GPS 5114,1987-06-13,0,0.544514263751521,4
GPS 5114,1987-06-22,1,0.5277583559116521,4
GPS 5114,1987-06-26,0,0.6069065084899098,4
GPS 5114,1987-09-28,1,0.31122178484629426,4
GPS 5114,1987-09-29,1,0.7259325190964551,4
GPS 5114,1987-10-05,1,0.5556977227503513,4
GPS 5114,1987-10-07,1,0.6566124100212459,4
GPS 5114,1987-10-10,0,0.6213539566819419,4
GPS 5114,1987-10-31,1,0.4557023620499387,4
GPS 5114,1987-11-02,0,0.6674458630817938,4
GPS 5114,1987-11-21,0,0.44326446498740296,4
GPS 5114,1987-12-21,0,0.3809813796129237,4
GPS 5114,1988-01-01,0,0.4780325381726155,4
GPS 5114,1988-01-16,1,0.4603772088839263,4
GPS 5114,1988-01-22,0,0.5578058261561193,4
GPS 5114,1988-02-10,1,0.4492723181385587,4
GPS 5114,1988-02-17,0,0.5390780097470532,4
GPS 5114,1988-03-07,0,0.4432273908805942,4
GPS 5114,1989-06-06,0,0.2143801665596027,4
GPS 5114,1989-08-02,0,0.3494974344535177,4
GPS 5114,1989-09-27,0,0.37588963407836556,4
GPS 5114,1989-10-06,1,0.5227677947930022,4
GPS 5118,1984-10-28,0,0.31951295807460856,4
GPS 5118,1984-12-13,1,0.21002958790407777,4
GPS 5118,1984-12-17,1,0.42809749942746095,4
GPS 5118,1984-12-23,1,0.3992519875097866,4
GPS 5118,1984-12-25,0,0.5149772308948448,4
GPS 5118,1985-01-07,1,0.34133767717149427,4
GPS 5118,1985-01-12,0,0.43475539647906575,4
GPS 5118,1985-01-20,0,0.3985856470369348,4
GPS 5118,1985-01-30,1,0.3857651724250835,4
GPS 5118,1985-02-06,1,0.4299603594077392,4
GPS 5118,1985-02-10,1,0.4893648981610274,4
GPS 5118,1985-02-15,0,0.4718528208797881,4
GPS 5118,1985-02-28,0,0.3832133651779377,4
GPS 5118,1985-04-30,1,0.2717569274692245,4
GPS 5118,1985-05-04,1,0.5328518779237374,4
GPS 5118,1985-05-05,0,0.6648023492299902,4
GPS 5118,1985-05-29,1,0.37347078973497844,4
GPS 5118,1985-06-02,1,0.5550168300749648,4
GPS 5118,1985-06-07,1,0.533525141105471,4
GPS 5118,1985-06-12,1,0.5372000473630877,4
GPS 5118,1985-06-14,1,0.6260425259723837,4
GPS 5118,1985-06-20,0,0.5227924881961418,4
GPS 5118,1985-06-29,0,0.4862538800222331,4
GPS 5118,1985-07-16,0,0.42739056285235355,4
GPS 5118,1985-08-03,0,0.42287186144871275,4
GPS 5118,1985-09-28,0,0.3097108705827495,4
GPS 5118,1986-01-28,1,0.22588388583714972,4
GPS 5118,1986-02-01,1,0.5305473214979587,4
GPS 5118,1986-02-08,1,0.4861147711146621,4
GPS 5118,1986-02-09,0,0.6706618852624568,4
GPS 5118,1986-03-18,1,0.34089777205645927,4
GPS 5118,1986-03-25,0,0.49821080078421714,4
GPS 5118,1986-04-05,0,0.4609724192623722,4
GPS 5118,1986-04-26,0,0.40434892347972723,4
GPS 5118,1986-05-29,1,0.3744898405028915,4
GPS 5118,1986-06-03,1,0.56444937244058,4
GPS 5118,1986-06-10,1,0.5340565914418135,4
GPS 5118,1986-06-14,1,0.5879872112504583,4
GPS 5118,1986-06-15,0,0.710519540864928,4
GPS 5118,1986-07-23,1,0.38364326741035815,4
GPS 5118,1986-07-28,1,0.5799026681718613,4
GPS 5118,1986-08-03,1,0.5597262708932864,4
GPS 5118,1986-08-05,0,0.6614659986835849,4
GPS 5118,1986-08-13,1,0.5301952801954501,4
GPS 5118,1986-08-16,1,0.623789496249811,4
GPS 5118,1986-08-22,1,0.5597456991936297,4
GPS 5118,1986-08-27,1,0.577084373517548,4
GPS 5118,1986-09-01,0,0.5698026479916617,4
GPS 5118,1986-09-17,0,0.45789584970024527,4
GPS 5118,1986-10-01,0,0.46048966692359844,4
GPS 5118,1986-10-21,1,0.4357817770600098,4
GPS 5118,1986-10-24,0,0.6220310298020573,4
GPS 5118,1986-11-08,1,0.4624832495243381,4
GPS 5118,1986-11-12,1,0.5909612302125774,4
GPS 5118,1986-11-14,1,0.6547207963127487,4
GPS 5118,1986-11-16,0,0.654455885013782,4
GPS 5118,1986-11-27,0,0.480176749012481,4
GPS 5118,1986-12-29,1,0.3666410162317938,4
GPS 5118,1986-12-31,1,0.6313538417833355,4
GPS 5118,1987-01-02,0,0.6303912487798403,4
GPS 5118,1987-01-10,0,0.4990703479585424,4
GPS 5118,1987-01-28,1,0.42992218249860326,4
GPS 5118,1987-02-01,1,0.5784522569222876,4
GPS 5118,1987-02-05,0,0.5791763646643386,4
GPS 5118,1987-03-15,1,0.37351213057726357,4
GPS 5118,1987-03-21,0,0.5520482032486017,4
GPS 5118,1987-04-10,1,0.45117233491445885,4
GPS 5118,1987-04-11,1,0.7264845245920505,4
GPS 5118,1987-04-14,1,0.6374919712533587,4
GPS 5118,1987-04-17,1,0.6402995625994755,4
GPS 5118,1987-04-22,0,0.5946138075722379,4
GPS 5118,1987-05-12,1,0.45961715861421976,4
GPS 5118,1987-05-14,1,0.6746195509827533,4
GPS 5118,1987-05-17,1,0.6403494307712295,4
GPS 5118,1987-05-22,1,0.5952798703126368,4
GPS 5118,1987-05-24,1,0.6787354936064436,4
GPS 5118,1987-05-30,1,0.5795422453076944,4
GPS 5118,1987-05-31,0,0.7348387267705477,4
GPS 5118,1987-06-09,0,0.5453190098609421,4
GPS 5118,1987-06-19,1,0.5277398320276084,4
GPS 5118,1987-06-25,0,0.576893497713609,4
GPS 5118,1987-07-17,0,0.4630965168022938,4
GPS 5118,1987-07-28,0,0.5369200428051805,4
GPS 5118,1987-10-02,1,0.3390493474072477,4
GPS 5118,1987-10-05,0,0.6296435654767774,4
GPS 5118,1987-10-22,1,0.47890629312931304,4
GPS 5118,1987-10-25,1,0.644871936919855,4
GPS 5118,1987-10-27,1,0.6815932686859478,4
GPS 5118,1987-10-28,0,0.7381562909840408,4
GPS 5118,1987-11-22,0,0.4261159713648525,4
GPS 5118,1987-12-03,1,0.49149959886183536,4
GPS 5118,1987-12-04,1,0.7108608211094285,4
GPS 5118,1987-12-05,1,0.7108341824938248,4
GPS 5118,1987-12-07,1,0.6525514228749963,4
GPS 5118,1987-12-08,1,0.7115018196312008,4
GPS 5118,1987-12-09,1,0.7122366392255851,4
GPS 5118,1987-12-15,0,0.5518252683298867,4
GPS 5118,1988-01-03,0,0.43799283875991535,4
GPS 5118,1988-01-18,0,0.4748145835255877,4
GPS 5118,1988-01-31,1,0.49759044722048823,4
GPS 5118,1988-02-03,1,0.6403104488658625,4
GPS 5118,1988-02-08,0,0.5917321930484428,4
GPS 5118,1988-07-20,0,0.30709491199767697,4
GPS 5118,1989-06-05,0,0.24606155948143457,4
GPS 5118,1989-06-21,0,0.5211308545729962,4
GPS 5118,1989-07-20,0,0.43597710980080534,4
GPS 5118,1989-07-31,1,0.5169624536524542,4
GPS 5118,1989-08-02,0,0.6751373484886999,4
GPS 5118,1989-09-24,0,0.39154078567724104,4
GPS 5118,1989-10-08,1,0.4857189224382207,4
GPS 5118,1989-10-14,1,0.5616864336658289,4
GPS 5118,1989-10-19,1,0.5827254589687074,4
GPS 5118,1989-10-20,1,0.7241906711585681,4
GPS 5118,1989-10-25,0,0.5931738082222595,4
GPS 5118,1989-12-01,1,0.3937442053657394,4
GPS 5118,1989-12-06,0,0.5830919930991152,4
GPS 5118,1990-02-04,1,0.349807573441564,4
GPS 5118,1990-02-05,1,0.725651871819516,4
GPS 5118,1990-02-12,1,0.5449784989838671,4
GPS 5118,1990-02-19,1,0.5299249646746781,4
GPS 5118,1990-02-21,0,0.6459949318422682,4
GPS 5118,1990-03-13,0,0.44300138508093906,4
GPS 5118,1990-03-26,0,0.49383638163975596,4
GPS 5118,1990-04-13,0,0.4832116683729481,4
GPS 5118,1990-06-01,0,0.4026579823413117,4
GPS 5118,1990-06-19,0,0.4849342870129633,4
GPS 6374,1986-01-30,1,0.2986762793050732,4
GPS 6374,1986-02-01,0,0.4611738638823934,4
GPS 6374,1986-03-05,0,0.2532900180964482,4
GPS 6374,1986-03-15,0,0.36002587977446615,4
GPS 6374,1986-03-28,0,0.3463570509996421,4
GPS 6374,1986-04-06,1,0.3932544836486518,4
GPS 6374,1986-04-13,1,0.4243939920732329,4
GPS 6374,1986-04-15,0,0.5531914790904299,4
GPS 6374,1986-05-01,1,0.3777224460743391,4
GPS 6374,1986-05-04,1,0.5450813517115971,4
GPS 6374,1986-05-06,0,0.5889067622682662,4
GPS 6374,1986-06-01,1,0.3519867197513909,4
GPS 6374,1986-06-07,1,0.4943356338086409,4
GPS 6374,1986-06-14,1,0.48270177420720695,4
GPS 6374,1986-06-16,0,0.6053181514484438,4
GPS 6374,1986-06-25,1,0.4594314968155986,4
GPS 6374,1986-06-26,1,0.6689226357537877,4
GPS 6374,1986-07-02,1,0.5073815895783899,4
GPS 6374,1986-07-08,0,0.5129069765799622,4
GPS 6374,1986-07-19,1,0.46435163836418863,4
GPS 6374,1986-07-21,0,0.6305321602953954,4
GPS 6374,1986-07-29,0,0.5028709512272027,4
GPS 6374,1986-08-12,1,0.4429037256696352,4
GPS 6374,1986-08-13,0,0.6908374056753742,4
GPS 6374,1986-08-22,0,0.48897355072976495,4
GPS 6374,1986-09-06,1,0.4317435813358265,4
GPS 6374,1986-09-08,1,0.6267945528363563,4
GPS 6374,1986-09-11,1,0.5914605819670334,4
GPS 6374,1986-09-17,0,0.5259465028774363,4
GPS 6374,1986-09-26,1,0.4869638300291964,4
GPS 6374,1986-10-03,1,0.5037157440867815,4
GPS 6374,1986-10-04,0,0.6856058088842445,4
GPS 6374,1986-10-27,1,0.40694625622621594,4
GPS 6374,1986-10-29,0,0.6423731645655795,4
GPS 6374,1986-11-08,0,0.4803285579716186,4
GPS 6374,1986-11-26,1,0.4103593756518834,4
GPS 6374,1986-11-27,1,0.6821680423531552,4
GPS 6374,1986-12-02,0,0.5235145231885041,4
GPS 6374,1987-01-05,1,0.341627555054099,4
GPS 6374,1987-01-10,1,0.522870613155651,4
GPS 6374,1987-01-12,1,0.6122294577989957,4
GPS 6374,1987-01-14,0,0.6145799332634997,4
GPS 6374,1987-01-30,1,0.4224929449183271,4
GPS 6374,1987-02-01,1,0.6251745294660852,4
GPS 6374,1987-02-05,0,0.561268051253484,4
GPS 6374,1987-02-26,0,0.3991804589595052,4
GPS 6374,1987-03-09,0,0.4736656696484406,4
GPS 6374,1987-03-17,1,0.5071222132351562,4
GPS 6374,1987-03-19,1,0.6397244407750974,4
GPS 6374,1987-03-26,1,0.524209929527215,4
GPS 6374,1987-04-02,1,0.5347901931229466,4
GPS 6374,1987-04-04,1,0.6519297159976876,4
GPS 6374,1987-04-06,1,0.653496311007399,4
GPS 6374,1987-04-07,1,0.7131381558022419,4
GPS 6374,1987-04-12,1,0.5772227931439359,4
GPS 6374,1987-04-17,1,0.5821629519809132,4
GPS 6374,1987-04-18,1,0.7236165251236905,4
GPS 6374,1987-04-19,1,0.7244749317068362,4
GPS 6374,1987-04-20,1,0.7250621979328101,4
GPS 6374,1987-04-25,1,0.5866187954471491,4
GPS 6374,1987-04-27,1,0.6701547313708265,4
GPS 6374,1987-05-02,1,0.5989602535298337,4
GPS 6374,1987-05-04,0,0.6799701687267328,4
GPS 6374,1987-05-14,1,0.5189411054372901,4
GPS 6374,1987-05-16,1,0.6691260919616543,4
GPS 6374,1987-05-20,1,0.6096306415490251,4
GPS 6374,1987-05-24,1,0.6111593876325582,4
GPS 6374,1987-05-26,1,0.6743597235398712,4
GPS 6374,1987-05-28,1,0.6746528842529468,4
GPS 6374,1987-05-31,1,0.6386506464086191,4
GPS 6374,1987-06-04,1,0.6186136062778422,4
GPS 6374,1987-06-05,1,0.7358546997864011,4
GPS 6374,1987-06-08,1,0.6444044535066005,4
GPS 6374,1987-06-14,1,0.5768632507158472,4
GPS 6374,1987-06-16,1,0.675040335130054,4
GPS 6374,1987-06-20,1,0.611819620973829,4
GPS 6374,1987-06-21,1,0.7301853280156291,4
GPS 6374,1987-06-22,1,0.7305439027607155,4
GPS 6374,1987-06-26,0,0.6143036106827788,4
GPS 6374,1987-10-18,1,0.2980497415128011,4
GPS 6374,1987-10-19,1,0.7297937887942152,4
GPS 6374,1987-10-22,1,0.6411666865818547,4
GPS 6374,1987-10-26,1,0.6168110361448139,4
GPS 6374,1987-10-27,1,0.7351823010995571,4
GPS 6374,1987-11-03,0,0.5589387984666089,4
GPS 6374,1987-11-18,1,0.47155373284870855,4
GPS 6374,1987-11-22,0,0.6006326829574377,4
GPS 6374,1987-12-01,1,0.5100024842319231,4
GPS 6374,1987-12-08,1,0.5330060968949233,4
GPS 6374,1987-12-14,1,0.5484040275369654,4
GPS 6374,1987-12-21,0,0.5288097690457176,4
GPS 6374,1987-12-30,1,0.5073296716653161,4
GPS 6374,1988-01-05,0,0.5476987538417427,4
GPS 6374,1988-01-27,1,0.44149402833243945,4
GPS 6374,1988-01-29,1,0.6689032534835895,4
GPS 6374,1988-02-01,1,0.6377947519895458,4
GPS 6374,1988-02-02,1,0.7303331796459904,4
GPS 6374,1988-02-06,1,0.6117321635177934,4
GPS 6374,1988-02-08,0,0.6729069968795283,4
GPS 6374,1989-06-03,0,0.2155882467597897,4
GPS 6374,1989-06-13,0,0.5630233197908509,4
GPS 6374,1989-06-21,1,0.5861773741773434,4
GPS 6374,1989-06-25,0,0.6530048294625256,4
GPS 6374,1989-07-04,1,0.5842794609785698,4
GPS 6374,1989-07-05,0,0.7673601414273503,4
GPS 6374,1989-07-19,1,0.5079623995648729,4
GPS 6374,1989-07-20,0,0.7415960646502449,4
GPS 6374,1989-07-28,0,0.548901031484127,4
GPS 6374,1989-08-12,0,0.5068452122022127,4
GPS 6374,1989-09-27,0,0.40626127602889534,4
GPS 6374,1989-10-06,1,0.5353618717121432,4
GPS 6374,1989-10-09,1,0.6310125887099348,4
GPS 6374,1989-10-12,1,0.6282836088815974,4
GPS 6374,1989-10-15,1,0.6280263169461611,4
GPS 6374,1989-10-19,1,0.6049794377433197,4
GPS 6374,1989-10-20,1,0.7252752856898398,4
GPS 6374,1989-10-22,1,0.6727916671503423,4
GPS 6374,1989-10-23,1,0.7309210822335135,4
GPS 6374,1989-10-24,1,0.7324586769826057,4
GPS 6374,1989-10-26,0,0.6782440942305709,4
GPS 6374,1989-12-12,0,0.3685069409223975,4
GPS 6374,1990-02-02,1,0.364990228105134,4
GPS 6374,1990-02-06,0,0.6078178970901885,4
GPS 6374,1990-03-31,0,0.3581583994384522,4
GPS 6374,1990-04-25,0,0.45174633351744986,4
GPS 6374,1990-05-09,0,0.5131389663381756,4
GPS 6374,1990-05-22,1,0.516751552929241,4
GPS 6374,1990-05-29,0,0.5820708160191649,4
GPS 6374,1990-06-15,0,0.4990047325794617,4
GPS 9521,1984-10-06,0,0.3822192029557837,3
GPS 9521,1984-10-28,0,0.3470925394161535,3
GPS 9521,1985-01-13,1,0.27309516923150734,3
GPS 9521,1985-01-15,0,0.558104061100167,3
GPS 9521,1985-01-25,1,0.440269808836519,3
GPS 9521,1985-01-30,0,0.5033054773182628,3
GPS 9521,1985-02-13,1,0.4275398533493902,3
GPS 9521,1985-02-15,0,0.5872027055372921,3
GPS 9521,1985-05-31,1,0.2876569185321037,3
GPS 9521,1985-06-04,1,0.5383234953966667,3
GPS 9521,1985-06-08,0,0.5411927743600214,3
GPS 9521,1985-06-28,1,0.41696556367832194,3
GPS 9521,1985-07-01,1,0.5722471580314075,3
GPS 9521,1985-07-03,1,0.6057564831194584,3
GPS 9521,1985-07-08,1,0.5348922928776243,3
GPS 9521,1985-07-15,1,0.5103640106896056,3
GPS 9521,1985-07-21,1,0.5262521248993316,3
GPS 9521,1985-07-23,1,0.6142729706035812,3
GPS 9521,1985-07-26,1,0.5857146814336456,3
GPS 9521,1985-07-27,0,0.6695138286108038,3
GPS 9521,1985-09-11,1,0.3802961071032861,3
GPS 9521,1985-09-17,1,0.5419503963082738,3
GPS 9521,1985-09-18,0,0.678604382733738,3
GPS 9521,1985-10-05,0,0.4706563140769662,3
GPS 9521,1985-10-14,1,0.5234347877312059,3
GPS 9521,1985-10-17,1,0.6112192642365093,3
GPS 9521,1985-10-20,1,0.6142473664777621,3
GPS 9521,1985-10-21,1,0.6950471493153554,3
GPS 9521,1985-10-23,1,0.6486971842711337,3
GPS 9521,1985-10-24,1,0.6989221204183135,3
GPS 9521,1985-10-25,1,0.7004537373134863,3
GPS 9521,1985-10-26,0,0.7017526252881181,3
GPS 9521,1986-01-30,0,0.3452636852481032,3
GPS 9521,1986-02-20,0,0.4652533728360039,3
GPS 9521,1986-04-05,0,0.39920259542769543,3
GPS 9521,1986-05-24,0,0.39385354801887706,3
GPS 9521,1986-06-30,0,0.41513817829550875,3
GPS 9521,1986-07-19,1,0.47731921487453144,3
GPS 9521,1986-07-24,0,0.5851322944310441,3
GPS 9521,1986-08-02,0,0.5423648883951298,3
GPS 9521,1986-08-13,1,0.5254931224594782,3
GPS 9521,1986-08-14,0,0.7048631713829678,3
GPS 9521,1986-08-25,1,0.5271707567628969,3
GPS 9521,1986-08-31,0,0.5751183394715923,3
GPS 9521,1986-09-23,1,0.47071595853036163,3
GPS 9521,1986-09-27,1,0.6097434041426091,3
GPS 9521,1986-09-29,1,0.661967158480947,3
GPS 9521,1986-09-30,1,0.710509639708566,3
GPS 9521,1986-10-06,0,0.5846951793707034,3
GPS 9521,1986-10-19,0,0.5272895087244254,3
GPS 9521,1986-11-11,0,0.484313640423927,3
GPS 9521,1986-11-23,0,0.5304449530524188,3
GPS 9521,1986-12-21,1,0.45468402762792043,3
GPS 9521,1986-12-22,1,0.7077373866764446,3
GPS 9521,1986-12-24,0,0.6611079280737461,3
GPS 9521,1987-01-03,1,0.5396785517189231,3
GPS 9521,1987-01-05,1,0.6626675339044574,3
GPS 9521,1987-01-08,0,0.6337384482307036,3
GPS 9521,1987-01-30,1,0.4876082844883839,3
GPS 9521,1987-02-05,0,0.5881471850752633,3
GPS 9521,1987-03-24,0,0.42535096659496,3
GPS 9521,1987-04-01,1,0.5639751525706345,3
GPS 9521,1987-04-02,0,0.7153911955672663,3
GPS 9521,1987-04-11,1,0.5568116859093827,3
GPS 9521,1987-04-15,0,0.621005475375984,3
GPS 9521,1987-05-03,1,0.5028995412092869,3
GPS 9521,1987-05-10,0,0.5718454214152533,3
GPS 9521,1987-05-19,0,0.5491974629694787,3
GPS 9521,1987-05-27,0,0.5592809201373664,3
GPS 9521,1987-06-04,0,0.558761614949804,3
GPS 9521,1987-06-14,0,0.5387302129214799,3
GPS 9521,1987-06-24,0,0.5358495195751622,3
GPS 9521,1987-09-25,1,0.3711894587295113,3
GPS 9521,1987-09-26,1,0.7150404538584918,3
GPS 9521,1987-10-02,1,0.5865349915036403,3
GPS 9521,1987-10-03,1,0.7152449004726167,3
GPS 9521,1987-10-04,0,0.7153384262533301,3
GPS 9521,1987-10-20,1,0.5159505692409149,3
GPS 9521,1987-10-21,1,0.7213590357863519,3
GPS 9521,1987-10-25,1,0.6262413053348924,3
GPS 9521,1987-10-28,1,0.6485997999119972,3
GPS 9521,1987-11-02,1,0.6121033576534304,3
GPS 9521,1987-11-04,0,0.6793097391203377,3
GPS 9521,1987-12-11,0,0.4441355941865669,3
GPS 9521,1987-12-30,0,0.4958645582223445,3
GPS 9521,1988-01-13,0,0.5256826558550332,3
GPS 9521,1988-01-24,1,0.5515514958612329,3
GPS 9521,1988-01-27,1,0.6508758063801677,3
GPS 9521,1988-01-31,0,0.6308207018351387,3
GPS 9521,1988-02-25,0,0.4754161340905291,3
GPS 9521,1988-06-25,1,0.3439407070821332,3
GPS 9521,1988-06-26,0,0.7077181043737594,3
GPS 9521,1989-05-03,0,0.25121315688988677,3
GPS 9521,1989-08-05,0,0.32110356807251855,3
GPS 9521,1989-08-24,0,0.4522823881933693,3
GPS 9521,1989-10-19,1,0.36065840496002605,3
GPS 9521,1989-10-20,1,0.6713297241982744,3
GPS 9521,1989-10-22,1,0.6239621668160906,3
GPS 9521,1989-10-23,1,0.6757000020137269,3
GPS 9521,1989-10-25,0,0.6282968369539393,3
GPS 9521,1989-11-18,0,0.4335570921745114,3
GPS 9521,1989-12-10,0,0.447298871967027,3
GPS 9521,1990-01-29,0,0.380670983756021,3
GPS 9521,1990-02-19,0,0.43743134283429835,3
GPS 9521,1990-03-20,0,0.42324340401382815,3
GPS 9521,1990-04-03,0,0.4760384676177363,3
GPS 9521,1990-05-05,1,0.416364071700197,3
GPS 9521,1990-05-09,0,0.581043278091193,3
GPS 9521,1990-05-17,0,0.5253914618840395,3
GPS 9521,1990-05-30,0,0.49025244125447237,3
GPS 9521,1990-06-30,1,0.42108650320385793,3
GPS 9783,1984-12-27,0,0.3436779777989932,1
GPS 9783,1985-01-30,1,0.23200206075823654,1
GPS 9783,1985-02-02,1,0.4775034536047002,1
GPS 9783,1985-02-04,0,0.5348232950847384,1
GPS 9783,1985-02-15,0,0.3714564404854294,1
GPS 9783,1985-06-06,1,0.2180297909780707,1
GPS 9783,1985-06-09,0,0.5638901789602393,1
GPS 9783,1985-06-19,0,0.4451735262453863,1
GPS 9783,1985-07-02,0,0.4276286945181653,1
GPS 9783,1985-07-15,1,0.43102337980933836,1
GPS 9783,1985-07-21,0,0.516866087734082,1
GPS 9783,1985-08-03,0,0.4402030938510659,1
GPS 9783,1985-08-18,1,0.42192996144879485,1
GPS 9783,1985-08-20,0,0.631291796299356,1
GPS 9783,1985-09-12,0,0.37085571613997387,1
GPS 9783,1985-09-24,0,0.44070486866424763,1
GPS 9783,1985-11-06,0,0.3168706063506462,1
GPS 9783,1985-12-25,0,0.29019611367989395,1
GPS 9783,1986-01-28,1,0.31104417803671236,1
GPS 9783,1986-01-29,0,0.6648871174219915,1
GPS 9783,1986-02-07,1,0.4584073228594855,1
GPS 9783,1986-02-11,0,0.5487867715574073,1
GPS 9783,1986-02-21,1,0.45811513703146134,1
GPS 9783,1986-02-22,0,0.6900528895093686,1
GPS 9783,1986-03-22,0,0.3608834749656222,1
GPS 9783,1986-04-03,1,0.4526606806040697,1
GPS 9783,1986-04-05,0,0.6359438493203706,1
GPS 9783,1986-04-17,0,0.45531707601541,1
GPS 9783,1986-05-04,0,0.4457749506362913,1
GPS 9783,1986-06-01,1,0.3989080910546611,1
GPS 9783,1986-06-02,0,0.7281312934896634,1
GPS 9783,1986-06-14,1,0.488228394061438,1
GPS 9783,1986-06-21,0,0.5398787430907984,1
GPS 9783,1986-07-20,1,0.4110569363033137,1
GPS 9783,1986-07-21,1,0.7411468110055962,1
GPS 9783,1986-07-24,0,0.646672728849266,1
GPS 9783,1986-08-06,0,0.49534659266505426,1
GPS 9783,1986-08-18,1,0.49863866490152575,1
GPS 9783,1986-08-24,0,0.5720292283291422,1
GPS 9783,1986-09-20,0,0.40666872394544046,1
GPS 9783,1986-10-07,1,0.4461107100016639,1
GPS 9783,1986-10-10,0,0.6272632896660849,1
GPS 9783,1986-11-20,1,0.36129492768717475,1
GPS 9783,1986-11-21,0,0.7258607771075419,1
GPS 9783,1986-12-18,1,0.37259873379907643,1
GPS 9783,1986-12-19,1,0.7016937002871994,1
GPS 9783,1986-12-22,0,0.5990969162097043,1
GPS 9783,1986-12-30,1,0.5015789342408383,1
GPS 9783,1986-12-31,1,0.7065916673830172,1
GPS 9783,1987-01-07,1,0.5147248336601687,1
GPS 9783,1987-01-14,0,0.5170325970920818,1
GPS 9783,1987-01-28,1,0.4536333413062793,1
GPS 9783,1987-01-29,1,0.7144594092444915,1
GPS 9783,1987-02-03,1,0.5631555254346993,1
GPS 9783,1987-02-05,0,0.6548316148348702,1
GPS 9783,1987-03-06,1,0.39087289748761944,1
GPS 9783,1987-03-10,1,0.5968727465489113,1
GPS 9783,1987-03-12,0,0.6650889490859008,1
GPS 9783,1987-04-02,0,0.4423242363480904,1
GPS 9783,1987-04-17,1,0.4949036087712412,1
GPS 9783,1987-04-21,1,0.6308392053514554,1
GPS 9783,1987-04-23,0,0.696404512909195,1
GPS 9783,1987-05-10,1,0.4849311887222548,1
GPS 9783,1987-05-12,1,0.6936117097146968,1
GPS 9783,1987-05-13,1,0.7507766862591029,1
GPS 9783,1987-05-18,1,0.6081390588669918,1
GPS 9783,1987-05-21,1,0.659217924252448,1
GPS 9783,1987-05-24,0,0.6612185158756505,1
GPS 9783,1987-06-18,1,0.43913218682739596,1
GPS 9783,1987-06-19,0,0.7494171985642432,1
GPS 9783,1987-08-18,0,0.3928068712774893,1
GPS 9783,1987-09-29,1,0.39415994764187157,1
GPS 9783,1987-10-01,1,0.6876646207332516,1
GPS 9783,1987-10-07,0,0.5781928574014155,1
GPS 9783,1987-10-20,0,0.519159497761438,1
GPS 9783,1987-10-31,1,0.547161616582801,1
GPS 9783,1987-11-03,0,0.6650382702490886,1
GPS 9783,1987-11-19,1,0.47753991492760184,1
GPS 9783,1987-11-25,0,0.5791962932706232,1
GPS 9783,1987-12-30,1,0.37575509217233555,1
GPS 9783,1988-01-01,1,0.663305275365141,1
GPS 9783,1988-01-05,0,0.5983841046084206,1
GPS 9783,1988-01-15,0,0.5175285597211278,1
GPS 9783,1988-01-27,1,0.514227291688498,1
GPS 9783,1988-01-28,0,0.7496138882150171,1
GPS 9783,1989-01-17,0,0.22155719095920784,1
GPS 9783,1989-05-12,0,0.31487890908451466,1
GPS 9783,1989-10-20,1,0.27556790283425636,1
GPS 9783,1989-10-22,1,0.7086881936083456,1
GPS 9783,1989-10-23,0,0.7666624722397722,1
GPS 9783,1989-11-06,0,0.5167530904149445,1
GPS 9783,1990-01-11,1,0.3499715902644858,1
GPS 9783,1990-01-12,0,0.7572912106057103,1
GPS 9783,1990-01-29,1,0.4921252941553321,1
GPS 9783,1990-02-05,1,0.5873923937605937,1
GPS 9783,1990-02-10,0,0.6114792113397349,1
GPS 9783,1990-03-03,0,0.4485590696078946,1
GPS 9783,1990-03-11,1,0.5526999036664055,1
GPS 9783,1990-03-13,0,0.6891606028486466,1
GPS 9783,1990-03-30,0,0.48335100032566863,1
GPS 9783,1990-04-18,0,0.4974937871769804,1
GPS 9783,1990-05-13,1,0.4731237597414133,1
GPS 9783,1990-05-16,0,0.6818667654591156,1
GPS 9783,1990-06-01,0,0.5371646639666914,1
GPS 9783,1990-06-21,0,0.4853304460982927,1
GPS 9794,1985-01-13,0,0.3212948809698401,2
GPS 9794,1985-01-30,1,0.29604321432924985,2
GPS 9794,1985-02-06,0,0.40129874157644707,2
GPS 9794,1985-02-15,0,0.3915329117607675,2
GPS 9794,1985-04-28,1,0.2292032876389095,2
GPS 9794,1985-04-29,0,0.6251013060088613,2
GPS 9794,1985-06-06,0,0.29686462647540524,2
GPS 9794,1985-06-23,1,0.3717921009920385,2
GPS 9794,1985-06-25,1,0.5855059929416326,2
GPS 9794,1985-06-27,1,0.5910519081000095,2
GPS 9794,1985-07-04,1,0.4691004244161543,2
GPS 9794,1985-07-08,1,0.5257572542176694,2
GPS 9794,1985-07-14,1,0.4913450320250364,2
GPS 9794,1985-07-16,1,0.6023796477641303,2
GPS 9794,1985-07-17,1,0.6692388288633832,2
GPS 9794,1985-07-24,0,0.4892151558116646,2
GPS 9794,1985-08-20,0,0.3512254712328222,2
GPS 9794,1985-09-04,0,0.39729324722862014,2
GPS 9794,1986-01-28,1,0.21349909122876035,2
GPS 9794,1986-01-29,0,0.6623762805730036,2
GPS 9794,1986-02-27,1,0.37280163762616786,2
GPS 9794,1986-02-28,0,0.6934177382322515,2
GPS 9794,1986-04-17,0,0.3165844439886978,2
GPS 9794,1986-04-27,0,0.4740772808462025,2
GPS 9794,1986-05-30,0,0.36091692270193415,2
GPS 9794,1986-06-14,1,0.4362334582649574,2
GPS 9794,1986-06-17,1,0.5915082697973019,2
GPS 9794,1986-06-19,1,0.6290281267802954,2
GPS 9794,1986-06-24,1,0.5378757047156983,2
GPS 9794,1986-06-28,1,0.5591060487729353,2
GPS 9794,1986-07-01,0,0.5873981612013118,2
GPS 9794,1986-07-09,0,0.5001373522483172,2
GPS 9794,1986-07-18,1,0.504400499075599,2
GPS 9794,1986-07-22,1,0.5888841650871703,2
GPS 9794,1986-07-25,0,0.6185415966185185,2
GPS 9794,1986-08-05,0,0.4891510676237433,2
GPS 9794,1986-08-13,1,0.5138713912780881,2
GPS 9794,1986-08-19,1,0.5406448748110972,2
GPS 9794,1986-08-24,1,0.5608710274363207,2
GPS 9794,1986-08-31,1,0.5266021924877953,2
GPS 9794,1986-09-04,0,0.5789157191612808,2
GPS 9794,1986-09-14,1,0.4915596191107136,2
GPS 9794,1986-09-15,1,0.7066681261270477,2
GPS 9794,1986-09-21,1,0.540604302450398,2
GPS 9794,1986-09-24,1,0.6077454663003655,2
GPS 9794,1986-09-25,1,0.7059276809848216,2
GPS 9794,1986-09-28,1,0.609690918241769,2
GPS 9794,1986-10-05,0,0.5311602453548593,2
GPS 9794,1986-10-24,0,0.45801967327934384,2
GPS 9794,1986-12-26,0,0.3118751817062866,2
GPS 9794,1987-01-12,1,0.4391629574137379,2
GPS 9794,1987-01-13,0,0.7068408636841481,2
GPS 9794,1987-01-28,1,0.4676231502434465,2
GPS 9794,1987-01-29,1,0.7194880917880687,2
GPS 9794,1987-02-03,0,0.5780991089265959,2
GPS 9794,1987-03-12,1,0.38861884788404333,2
GPS 9794,1987-03-18,1,0.5694471549660417,2
GPS 9794,1987-03-21,0,0.6362995388754343,2
GPS 9794,1987-04-03,1,0.4977927836399821,2
GPS 9794,1987-04-05,1,0.6751903223882338,2
GPS 9794,1987-04-11,1,0.5878450074278045,2
GPS 9794,1987-04-16,1,0.6165189613288282,2
GPS 9794,1987-04-17,1,0.7533734151137816,2
GPS 9794,1987-04-21,1,0.6402053478700671,2
GPS 9794,1987-04-28,1,0.5897491848063855,2
GPS 9794,1987-04-30,0,0.7032588883993253,2
GPS 9794,1987-05-16,1,0.48093764035386555,2
GPS 9794,1987-05-18,1,0.6812384733396086,2
GPS 9794,1987-05-20,0,0.6833134032077792,2
GPS 9794,1987-06-07,0,0.4690370234621069,2
GPS 9794,1987-06-18,0,0.5004744584881632,2
GPS 9794,1987-09-29,0,0.30073538875684613,2
GPS 9794,1987-10-21,1,0.46233376744721183,2
GPS 9794,1987-10-22,0,0.7463113711361089,2
GPS 9794,1987-11-05,0,0.5207508484249092,2
GPS 9794,1987-11-21,0,0.4806049935991753,2
GPS 9794,1987-12-03,1,0.4965520906597624,2
GPS 9794,1987-12-08,1,0.5802175691026158,2
GPS 9794,1987-12-10,0,0.6669624686497895,2
GPS 9794,1987-12-27,1,0.4512915741054898,2
GPS 9794,1987-12-30,1,0.6238869118656625,2
GPS 9794,1988-01-02,1,0.6301596532213938,2
GPS 9794,1988-01-07,0,0.5880904099072956,2
GPS 9794,1988-01-26,0,0.4953264959810426,2
GPS 9794,1988-02-06,0,0.5563062304588319,2
GPS 9794,1989-05-03,0,0.20489630398285852,2
GPS 9794,1989-06-02,0,0.4625952002227662,2
GPS 9794,1989-06-11,0,0.5964783077589977,2
GPS 9794,1989-06-24,1,0.5767829113203135,2
GPS 9794,1989-06-28,1,0.6982204481980366,2
GPS 9794,1989-06-30,0,0.7534637902415882,2
GPS 9794,1989-08-15,1,0.41574197764589454,2
GPS 9794,1989-08-16,0,0.7644350728907492,2
GPS 9794,1989-09-25,0,0.44434099895146933,2
GPS 9794,1989-10-19,1,0.4380638365411818,2
GPS 9794,1989-10-20,1,0.7338185061244644,2
GPS 9794,1989-10-23,1,0.6535744098780671,2
GPS 9794,1989-10-24,1,0.7469176443391329,2
GPS 9794,1989-10-25,0,0.749067993528257,2
GPS 9794,1989-11-12,1,0.49985952894059005,2
GPS 9794,1989-11-15,0,0.6623965159970757,2
GPS 9794,1990-02-10,0,0.34682723037910435,2
GPS 9794,1990-04-13,1,0.39069831129937743,2
GPS 9794,1990-04-16,1,0.6764537631561959,2
GPS 9794,1990-04-17,0,0.7632310824543871,2
GPS 9794,1990-05-11,0,0.4703661980446828,2
GPS 9794,1990-05-24,0,0.5277372828318263,2
GPS 9794,1990-06-09,0,0.5073382753292901,2
GPS 9794,1990-08-01,1,0.39290476501476956,2
INSAT-1B,1983-09-01,0,0.30355397289358127,2
INSAT-1B,1984-03-18,0,0.14550532475036024,2
INSAT-1B,1984-03-27,1,0.3726095210366722,2
INSAT-1B,1984-03-30,1,0.49429665889060803,2
INSAT-1B,1984-04-03,0,0.4858471306610308,2
INSAT-1B,1984-04-18,0,0.344449882005438,2
INSAT-1B,1984-09-23,1,0.17399861569357555,2
INSAT-1B,1984-09-25,0,0.5471443559259558,2
INSAT-1B,1984-10-09,1,0.35256308776781814,2
INSAT-1B,1984-10-10,0,0.6121011668714506,2
INSAT-1B,1987-09-13,0,0.10232318239487195,2
INSAT-1B,1989-10-16,1,0.10691638867175532,2
INSAT-1B,1989-10-20,0,0.49960949347861805,2
IRON 9364,1987-01-11,0,0.3066764047927914,2
IRON 9364,1987-03-20,0,0.1942967886304417,2
IRON 9364,1987-08-25,1,0.16608574827322412,2
IRON 9364,1987-08-31,1,0.4236623224749576,2
IRON 9364,1987-09-01,0,0.6067355449814741,2
IRON 9364,1987-09-10,0,0.3997624543888417,2
IRON 9364,1987-10-19,0,0.28218134454942595,2
IRON 9364,1987-11-25,0,0.28091646934756936,2
IRON 9364,1988-03-03,0,0.21184405634297965,2
IRON 9364,1988-03-17,0,0.3802490322011234,2
IRON 9364,1988-07-28,0,0.22830121746517026,2
IRON 9364,1989-10-01,0,0.15582293559700672,2
IRON 9364,1989-10-19,0,0.35382510508636084,2
IRON 9364,1989-11-16,1,0.3364768295830497,2
IRON 9364,1989-11-19,0,0.5471039849066699,2
IRON 9364,1990-08-31,1,0.22242762461152832,2
IRON 9364,1990-09-05,1,0.5825153527371549,2
IRON 9364,1990-09-07,0,0.664495012876686,2
IRON 9364,1990-12-25,0,0.23898508973191512,2
IRON 9364,1991-03-10,0,0.29348866550503483,2
IRON 9364,1991-08-28,0,0.22562464288950068,2
IRON 9364,1992-01-20,0,0.24126286667928637,2
IRON 9364,1992-03-06,0,0.3157429086666487,2
IRON 9365,1986-12-22,0,0.31195020503673365,1
IRON 9365,1987-02-25,0,0.17279983132422033,1
IRON 9365,1987-03-22,0,0.264933959304145,1
IRON 9365,1987-04-14,1,0.3036748171989361,1
IRON 9365,1987-04-16,0,0.5605458286277003,1
IRON 9365,1987-05-15,0,0.2975567302219203,1
IRON 9365,1987-09-04,0,0.2059278128407237,1
IRON 9365,1987-09-27,0,0.333682680938407,1
IRON 9365,1988-06-02,0,0.15653563579845073,1
IRON 9365,1988-08-24,0,0.25285069250960807,1
IRON 9365,1988-12-21,0,0.21055408226056707,1
IRON 9365,1989-03-16,0,0.22182850657571962,1
IRON 9365,1990-12-24,0,0.11333738499945217,1
IRON 9365,1991-01-28,0,0.29875432135425956,1
IRON 9365,1991-04-12,0,0.2574783639369375,1
IRON 9366,1987-04-15,0,0.352806776869744,4
IRON 9366,1987-09-20,0,0.16253882841185113,4
IRON 9366,1987-10-29,0,0.2682804430083266,4
IRON 9366,1987-12-07,0,0.2505375109296917,4
IRON 9366,1988-02-29,0,0.20819053783009547,4
IRON 9366,1988-11-06,0,0.15800144426534143,4
IRON 9366,1990-11-17,0,0.1084217631218485,4
IRON 9366,1990-11-30,1,0.3809357144095532,4
IRON 9366,1990-12-03,1,0.517790516236033,4
IRON 9366,1990-12-09,1,0.4539858177098445,4
IRON 9366,1990-12-10,1,0.6310850588306357,4
IRON 9366,1990-12-12,0,0.5723822950874538,4
IRON 9366,1990-12-20,0,0.44268400973852157,4
IRON 9366,1991-01-12,0,0.336290215493533,4
IRON 9366,1991-02-14,1,0.3346802983659029,4
IRON 9366,1991-02-19,1,0.521184626809386,4
IRON 9366,1991-02-23,1,0.5480893221250915,4
IRON 9366,1991-03-02,1,0.49407790667336177,4
IRON 9366,1991-03-03,1,0.6768850134929536,4
IRON 9366,1991-03-06,1,0.577121042058856,4
IRON 9366,1991-03-09,1,0.5798451610368783,4
IRON 9366,1991-03-13,1,0.5536173432109885,4
IRON 9366,1991-03-14,0,0.6813469081979334,4
IRON 9366,1991-04-22,0,0.3434973858825417,4
IRON 9366,1991-05-30,0,0.35006089034797566,4
IRON 9366,1991-06-18,0,0.45117446056972044,4
IRON 9434,1987-01-09,0,0.33138594218194967,3
IRON 9434,1987-09-03,1,0.1642637176643054,3
IRON 9434,1987-09-09,1,0.4027565856775662,3
IRON 9434,1987-09-16,1,0.4013831021452769,3
IRON 9434,1987-09-17,0,0.5640041340839854,3
IRON 9434,1990-06-05,0,0.10623483588028541,3
IRON 9434,1990-07-18,0,0.2625154691799928,3
IRON 9434,1990-08-02,1,0.3293280797436997,3
IRON 9434,1990-08-05,1,0.45587515070928564,3
IRON 9434,1990-08-10,1,0.4245023194587651,3
IRON 9434,1990-08-11,1,0.5571251402911043,3
IRON 9434,1990-08-12,1,0.5616994267993914,3
IRON 9434,1990-08-16,1,0.4604994370540905,3
IRON 9434,1990-08-18,1,0.519659153246958,3
IRON 9434,1990-08-19,1,0.5769569280299152,3
IRON 9434,1990-08-20,1,0.5789939294854582,3
IRON 9434,1990-08-21,1,0.5807036400941178,3
IRON 9434,1990-08-22,1,0.5821557670217559,3
IRON 9434,1990-08-24,1,0.5288578790445451,3
IRON 9434,1990-08-26,1,0.5311282617614494,3
IRON 9434,1990-08-30,0,0.47629768840974424,3
IRON 9434,1990-09-08,1,0.4129952217710499,3
IRON 9434,1990-09-11,1,0.4957482542375287,3
IRON 9434,1990-09-12,1,0.582137777810485,3
IRON 9434,1990-09-13,1,0.581458692372826,3
IRON 9434,1990-09-14,1,0.5809108885163465,3
IRON 9434,1990-09-21,1,0.41916910177085065,3
IRON 9434,1990-09-22,1,0.5746063748079904,3
IRON 9434,1990-09-25,1,0.488997879507557,3
IRON 9434,1990-09-27,1,0.5217154916569273,3
IRON 9434,1990-09-28,1,0.5774999668718218,3
IRON 9434,1990-09-30,1,0.5236799915021072,3
IRON 9434,1990-10-03,0,0.493967792325121,3
IRON 9434,1990-10-13,0,0.39931297107035907,3
IRON 9434,1990-10-26,1,0.38693641316586797,3
IRON 9434,1990-10-27,1,0.5895922302008907,3
IRON 9434,1990-10-28,1,0.5910037927854173,3
IRON 9434,1990-10-29,1,0.592358142687573,3
IRON 9434,1990-10-30,1,0.5933913394121222,3
IRON 9434,1990-10-31,1,0.5944500359069248,3
IRON 9434,1990-11-01,1,0.5959383411446818,3
IRON 9434,1990-11-03,1,0.5440286795421339,3
IRON 9434,1990-11-06,0,0.5160227966864803,3
IRON 9434,1990-11-15,1,0.4353314213598632,3
IRON 9434,1990-11-17,1,0.5557483173397737,3
IRON 9434,1990-11-18,1,0.6105744855612291,3
IRON 9434,1990-11-21,1,0.5260947288604735,3
IRON 9434,1990-11-22,0,0.612821282796594,3
IRON 9434,1991-01-15,1,0.3062504199569998,3
IRON 9434,1991-01-16,1,0.6124059613197902,3
IRON 9434,1991-01-19,1,0.5279832939781883,3
IRON 9434,1991-01-20,1,0.6141291399349761,3
IRON 9434,1991-01-21,1,0.6146781465165917,3
IRON 9434,1991-01-22,1,0.615206121274164,3
IRON 9434,1991-01-25,1,0.5317333792184474,3
IRON 9434,1991-01-27,0,0.5672573436471393,3
IRON 9434,1991-02-07,1,0.4379322566708027,3
IRON 9434,1991-02-09,1,0.5729860570607348,3
IRON 9434,1991-02-10,1,0.6265540983126956,3
IRON 9434,1991-02-11,1,0.62742627667714,3
IRON 9434,1991-02-12,1,0.6279734346818701,3
IRON 9434,1991-02-13,1,0.628313716381836,3
IRON 9434,1991-02-14,1,0.6289232280345353,3
IRON 9434,1991-02-15,1,0.629739143694605,3
IRON 9434,1991-02-17,1,0.5784186277385949,3
IRON 9434,1991-02-18,1,0.6324720777272395,3
IRON 9434,1991-02-19,1,0.6336253179290694,3
IRON 9434,1991-02-20,1,0.6343790763578692,3
IRON 9434,1991-02-26,0,0.49297091705869245,3
IRON 9434,1991-03-13,0,0.41268701473003466,3
IRON 9434,1991-03-27,1,0.40616917719061674,3
IRON 9434,1991-04-02,0,0.47414599637389065,3
IRON 9434,1991-04-13,1,0.42264455384461097,3
IRON 9434,1991-04-14,1,0.6115360561039871,3
IRON 9434,1991-04-16,1,0.5584234863127491,3
IRON 9434,1991-04-22,1,0.47506458569815696,3
IRON 9434,1991-04-25,0,0.5315574316835847,3
IRON 9434,1991-05-03,1,0.4532602428312893,3
IRON 9434,1991-05-04,1,0.6167657314480959,3
IRON 9434,1991-05-05,1,0.6172284458151356,3
IRON 9434,1991-05-07,0,0.5637347502029205,3
IRON 9434,1991-05-19,1,0.4215073307412133,3
IRON 9434,1991-05-20,1,0.6179723649717386,3
IRON 9434,1991-05-21,1,0.6193114899416036,3
IRON 9434,1991-05-22,1,0.6206223196771081,3
IRON 9434,1991-05-24,1,0.5679336362408905,3
IRON 9434,1991-05-25,1,0.6211654626955353,3
IRON 9434,1991-05-26,1,0.6212190628294433,3
IRON 9434,1991-05-31,1,0.49951663109128563,3
IRON 9434,1991-06-01,1,0.6276750591391386,3
IRON 9434,1991-06-02,1,0.6289668242613862,3
IRON 9434,1991-06-03,1,0.6302815700175279,3
IRON 9434,1991-06-04,1,0.6314695285489315,3
IRON 9434,1991-06-05,1,0.6326432091786367,3
IRON 9434,1991-06-06,1,0.6335051378851168,3
IRON 9434,1991-06-07,1,0.6342381872558538,3
IRON 9434,1991-06-08,1,0.6351606454544518,3
IRON 9434,1991-06-09,1,0.6365996899785035,3
IRON 9434,1991-06-11,1,0.586456254383236,3
IRON 9434,1991-06-12,1,0.6402677092211216,3
IRON 9434,1991-06-15,1,0.5584091270732714,3
IRON 9434,1991-06-16,1,0.6429019254898831,3
IRON 9434,1991-06-17,1,0.6437871545976505,3
IRON 9434,1991-06-18,1,0.6444760336605068,3
IRON 9434,1991-06-19,1,0.6451339685022399,3
IRON 9434,1991-06-20,1,0.6454642329119856,3
IRON 9434,1991-06-21,1,0.6456261312556623,3
IRON 9434,1991-06-23,1,0.5929937016484492,3
IRON 9434,1991-06-24,1,0.645124196839109,3
IRON 9434,1991-06-25,1,0.6455189152801383,3
IRON 9434,1991-06-26,1,0.6460724944664097,3
IRON 9434,1991-06-27,1,0.6465886452843547,3
IRON 9434,1991-06-28,1,0.6465789441156151,3
IRON 9434,1991-06-29,1,0.64689713922101,3
IRON 9434,1991-06-30,1,0.6472422018177278,3
IRON 9434,1991-07-02,1,0.5986699826603763,3
IRON 9434,1991-07-03,1,0.651305448756369,3
IRON 9434,1991-07-04,1,0.6523140688207358,3
IRON 9434,1991-07-06,1,0.6005487059593866,3
IRON 9434,1991-07-09,1,0.5670575535121932,3
IRON 9434,1991-07-10,1,0.6504403415714678,3
IRON 9434,1991-07-11,1,0.6501460174240115,3
IRON 9434,1991-07-12,1,0.6496916330342775,3
IRON 9434,1991-07-13,1,0.6490260268288771,3
IRON 9434,1991-07-14,1,0.6481763645497263,3
IRON 9434,1991-07-16,1,0.594631995556632,3
IRON 9434,1991-07-17,1,0.6465180794818902,3
IRON 9434,1991-07-18,1,0.6463269808672458,3
IRON 9434,1991-07-19,1,0.6465151123614595,3
IRON 9434,1991-07-20,1,0.6468905366979288,3
IRON 9434,1991-07-26,1,0.506491798973766,3
IRON 9434,1991-07-28,1,0.591771689929795,3
IRON 9434,1991-07-29,1,0.6433576858792918,3
IRON 9434,1991-07-31,1,0.5889483939273286,3
IRON 9434,1991-08-01,1,0.6429157196470852,3
IRON 9434,1991-08-05,1,0.5325796055580808,3
IRON 9434,1991-08-07,1,0.5856696329902991,3
IRON 9434,1991-08-08,1,0.6380258794081445,3
IRON 9442,1987-03-08,1,0.3326672227586417,4
IRON 9442,1987-03-09,0,0.5638376999289846,4
IRON 9442,1987-07-06,0,0.19669752675727728,4
IRON 9442,1987-07-18,0,0.388014898408107,4
IRON 9442,1987-09-04,1,0.2749726724909232,4
IRON 9442,1987-09-11,0,0.4535952224544281,4
IRON 9442,1987-09-19,0,0.4455932419568518,4
IRON 9442,1987-10-19,0,0.32622559243688254,4
IRON 9442,1988-02-29,0,0.19898374282251582,4
IRON 9442,1989-09-05,1,0.1392142976499092,4
IRON 9442,1989-09-10,1,0.5136682019324499,4
IRON 9442,1989-09-11,0,0.6687936879312135,4
IRON 9442,1989-10-23,0,0.3041120490851499,4
IRON 9442,1990-04-13,0,0.21193999531016808,4
IRON 9442,1990-08-17,0,0.2630687371220581,4
IRON 9442,1990-10-05,0,0.28899321332005284,4
IRON 9442,1990-10-14,0,0.44605810580065197,4
IRON 9442,1991-03-19,0,0.2192416112540414,4
IRON 9442,1991-07-12,0,0.27638350291496,4
IRON 9442,1992-05-17,0,0.19089209035742308,4
IRON 9442,1992-08-23,0,0.278360546235999,4
IRON 9442,1992-09-08,0,0.423559777298124,4
IRON 9442,1992-09-30,1,0.4065602483764517,4
IRON 9443,1986-11-29,0,0.335402767779779,3
IRON 9443,1987-09-17,0,0.1536519508225031,3
IRON 9443,1987-10-18,1,0.2855020145734235,3
IRON 9443,1987-10-20,0,0.5024515111540347,3
IRON 9443,1987-10-30,0,0.3885473844793508,3
IRON 9443,1988-02-22,0,0.2226286175385409,3
IRON 9443,1989-01-23,0,0.14907878523860252,3
IRON 9443,1989-03-08,0,0.24288736058693403,3
IRON 9443,1989-11-07,0,0.16652189037109594,3
IRON 9443,1990-02-07,0,0.21371856618912627,3
IRON 9443,1990-03-02,0,0.2916155280745098,3
IRON 9443,1990-09-24,0,0.17668227941975595,3
IRON 9443,1990-10-17,1,0.30482503741042793,3
IRON 9443,1990-10-19,0,0.49164022489862996,3
IRON 9443,1990-11-01,0,0.3547603380626445,3
IRON 9443,1991-10-01,0,0.16175753804754092,3
IRON 9443,1991-10-23,0,0.32460352269344206,3
IRON 9443,1991-12-15,0,0.27618121267024254,3
IRON 9443,1992-01-06,0,0.34171920317796856,3
IRON 9443,1992-01-20,0,0.3774148362426939,3
IRON 9443,1992-09-08,0,0.20974102395901506,3
IRON 9443,1992-09-21,0,0.40170178560104586,3
IRON 9443,1992-10-02,1,0.4261871344292461,3
MARECS-A,1982-01-27,1,0.29491464084144037,2
MARECS-A,1982-02-01,1,0.39364055429927214,2
MARECS-A,1982-02-02,1,0.5778701401251135,2
MARECS-A,1982-02-04,1,0.5367569114461378,2
MARECS-A,1982-02-05,1,0.6192709956671044,2
MARECS-A,1982-02-10,1,0.5045382183141072,2
MARECS-A,1982-02-11,1,0.6672016698048254,2
MARECS-A,1982-02-13,1,0.6141670827234647,2
MARECS-A,1982-02-14,1,0.6808268271731425,2
MARECS-A,1982-02-18,1,0.5535481617109489,2
MARECS-A,1982-02-19,1,0.6874735205403529,2
MARECS-A,1982-02-20,1,0.6946222562862967,2
MARECS-A,1982-02-22,1,0.6414703988270659,2
MARECS-A,1982-02-24,1,0.6445078040446082,2
MARECS-A,1982-02-25,1,0.704884268418597,2
MARECS-A,1982-02-27,1,0.643376735943907,2
MARECS-A,1982-03-02,0,0.6041195862576947,2
MARECS-A,1984-03-01,0,0.14593575285472074,2
MARECS-A,1984-09-01,0,0.19316835124288223,2
MARECS-A,1984-11-09,0,0.26554357737737483,2
MARECS-A,1985-09-02,0,0.16515671351085354,2
MARECS-A,1986-02-08,1,0.21838954464737376,2
MARECS-A,1986-02-12,0,0.5501641308125669,2
MARECS-A,1986-02-22,1,0.46527715800309316,2
MARECS-A,1986-02-24,1,0.6243292011594127,2
MARECS-A,1986-02-27,1,0.5891769142254563,2
MARECS-A,1986-03-03,1,0.5621568454448056,2
MARECS-A,1986-03-07,1,0.5606826202087865,2
MARECS-A,1986-03-09,1,0.627649918107496,2
MARECS-A,1986-03-12,0,0.5900267250104557,2
MARECS-A,1986-03-22,1,0.4725473242799889,2
MARECS-A,1986-03-26,1,0.5636521020840882,2
MARECS-A,1986-03-27,1,0.6918062812790539,2
MARECS-A,1986-04-03,1,0.5045922002568072,2
MARECS-A,1986-04-10,0,0.5016778775577173,2
MARECS-A,1986-05-02,1,0.4116289855716622,2
MARECS-A,1986-05-05,1,0.6090886583664658,2
MARECS-A,1986-05-06,1,0.7075177669746755,2
MARECS-A,1986-05-07,0,0.7083724209796699,2
MARECS-A,1986-07-04,0,0.30720372576143273,2
MARECS-A,1986-07-27,1,0.41492400569435506,2
MARECS-A,1986-07-29,1,0.6522816250008565,2
MARECS-A,1986-07-30,0,0.7125414121189912,2
MARECS-A,1986-08-13,0,0.45325183658804497,2
MARECS-A,1986-08-21,1,0.5077494554501188,2
MARECS-A,1986-08-22,1,0.7021333227611508,2
MARECS-A,1986-08-23,1,0.7029499516022808,2
MARECS-A,1986-08-24,1,0.7035454956129039,2
MARECS-A,1986-08-29,1,0.5559009974927497,2
MARECS-A,1986-08-30,1,0.7032846944779282,2
MARECS-A,1986-09-04,0,0.5540974297717922,2
MARECS-A,1986-09-12,1,0.5103498652007379,2
MARECS-A,1986-09-15,1,0.6061094486921077,2
MARECS-A,1986-09-19,1,0.5770700053357938,2
MARECS-A,1986-09-23,1,0.576500730661599,2
MARECS-A,1986-09-25,1,0.642170392287575,2
MARECS-A,1986-09-27,1,0.64301055273176,2
MARECS-A,1986-09-30,1,0.6071199396976784,2
MARECS-A,1986-10-02,1,0.6447151799907901,2
MARECS-A,1986-10-03,1,0.70575567124659,2
MARECS-A,1986-10-05,0,0.6479973370184146,2
MARECS-A,1986-10-15,1,0.5029690891216448,2
MARECS-A,1986-10-18,1,0.6224987917940061,2
MARECS-A,1986-10-19,1,0.7196281834581143,2
MARECS-A,1986-10-24,1,0.588648191123602,2
MARECS-A,1986-10-27,0,0.6433686999837374,2
MARECS-A,1986-11-04,0,0.555909826292957,2
MARECS-A,1986-11-25,1,0.43127006542584045,2
MARECS-A,1986-11-29,0,0.5854683383018227,2
MARECS-A,1989-03-03,0,0.15571423368134624,2
MARECS-A,1989-03-17,0,0.4680660258289186,2
MARECS-A,1989-03-29,1,0.48130887783123594,2
MARECS-A,1989-03-31,0,0.6543035905221011,2
METEOSAT-1,1977-05-04,0,0.33049291563687194,3
METEOSAT-1,1977-12-13,1,0.1642890618315709,3
METEOSAT-1,1977-12-14,0,0.5411048095719587,3
METEOSAT-1,1978-01-04,1,0.3220105863746061,3
METEOSAT-1,1978-01-06,1,0.5104888485663782,3
METEOSAT-1,1978-01-10,1,0.46254826771223273,3
METEOSAT-1,1978-01-14,1,0.4686830040142407,3
METEOSAT-1,1978-01-15,0,0.5838049512033631,3
METEOSAT-1,1978-02-04,1,0.3487146845853174,3
METEOSAT-1,1978-02-10,0,0.44771757103215243,3
METEOSAT-1,1978-02-27,1,0.3707348912179121,3
METEOSAT-1,1978-03-02,1,0.5048759940487513,3
METEOSAT-1,1978-03-04,0,0.5383235274993503,3
METEOSAT-1,1978-03-17,1,0.38585670939368316,3
METEOSAT-1,1978-03-18,1,0.590133711750665,3
METEOSAT-1,1978-03-19,1,0.5926565608172039,3
METEOSAT-1,1978-03-20,1,0.5950215308103001,3
METEOSAT-1,1978-03-22,1,0.543115760794295,3
METEOSAT-1,1978-03-28,1,0.45755106543101964,3
METEOSAT-1,1978-03-29,1,0.6004366485821213,3
METEOSAT-1,1978-03-31,1,0.5468921106506357,3
METEOSAT-1,1978-04-01,1,0.6004557547724962,3
METEOSAT-1,1978-04-03,0,0.5469942693136313,3
METEOSAT-1,1978-04-15,0,0.40192554041931194,3
METEOSAT-1,1978-04-23,0,0.4372074492739365,3
METEOSAT-1,1978-05-01,1,0.4447446756920753,3
METEOSAT-1,1978-05-03,1,0.5566079734989327,3
METEOSAT-1,1978-05-04,1,0.6119834307200978,3
METEOSAT-1,1978-05-05,1,0.613230642174038,3
METEOSAT-1,1978-05-06,1,0.6139846376633777,3
METEOSAT-1,1978-05-10,1,0.5038514667210913,3
METEOSAT-1,1978-05-11,1,0.6131849208116403,3
METEOSAT-1,1978-05-14,0,0.5276867846552054,3
METEOSAT-1,1978-05-24,1,0.4297965168680663,3
METEOSAT-1,1978-05-26,0,0.5585671871518396,3
METEOSAT-1,1978-06-05,1,0.4340743983518843,3
METEOSAT-1,1978-06-07,1,0.5627941176139132,3
METEOSAT-1,1978-06-10,1,0.5313135183275055,3
METEOSAT-1,1978-06-12,1,0.5642174988812512,3
METEOSAT-1,1978-06-17,1,0.49171449455673444,3
METEOSAT-1,1978-06-21,1,0.5103197363959112,3
METEOSAT-1,1978-06-22,1,0.6195456693545719,3
METEOSAT-1,1978-06-24,1,0.5673179458675643,3
METEOSAT-1,1978-06-25,0,0.6214986974819059,3
METEOSAT-1,1978-07-05,1,0.44788144602033747,3
METEOSAT-1,1978-07-08,0,0.5467895115539804,3
METEOSAT-1,1978-07-19,0,0.44540652669798514,3
METEOSAT-1,1978-08-07,1,0.39715241286450537,3
METEOSAT-1,1978-08-12,0,0.5002508753530053,3
METEOSAT-1,1978-08-20,0,0.46588022738135165,3
METEOSAT-1,1978-08-29,1,0.4604446756988442,3
METEOSAT-1,1978-08-30,1,0.6330499856784705,3
METEOSAT-1,1978-08-31,1,0.6338981691659034,3
METEOSAT-1,1978-09-03,1,0.5538460509335409,3
METEOSAT-1,1978-09-05,0,0.587728109656198,3
METEOSAT-1,1978-09-13,1,0.48554038616443557,3
METEOSAT-1,1978-09-14,0,0.6485259313189331,3
METEOSAT-1,1978-09-27,1,0.4603442575677738,3
METEOSAT-1,1978-09-30,1,0.5755772017369905,3
METEOSAT-1,1978-10-01,1,0.6594556522405051,3
METEOSAT-1,1978-10-06,0,0.5344216848036498,3
METEOSAT-1,1978-10-21,0,0.4354451290121027,3
METEOSAT-1,1978-10-30,0,0.4702054899082077,3
METEOSAT-1,1978-11-08,1,0.4666459778933764,3
METEOSAT-1,1978-11-15,0,0.47727154323661225,3
METEOSAT-1,1978-11-25,0,0.4471548161999433,3
METEOSAT-1,1978-12-20,1,0.38750827057894777,3
METEOSAT-1,1978-12-26,1,0.4988395926458703,3
METEOSAT-1,1978-12-27,1,0.6384752132701591,3
METEOSAT-2,1981-09-08,0,0.422876742302156,0
METEOSAT-2,1981-09-29,0,0.3267734639175407,0
METEOSAT-2,1981-11-24,0,0.23307886349811122,0
METEOSAT-2,1982-02-17,0,0.23502275347059481,0
METEOSAT-2,1982-03-15,1,0.321544990355603,0
METEOSAT-2,1982-03-21,1,0.46437602048743654,0
METEOSAT-2,1982-03-27,0,0.4711546703134174,0
METEOSAT-2,1982-04-11,1,0.3952002614576777,0
METEOSAT-2,1982-04-14,0,0.5452357598783588,0
METEOSAT-2,1982-06-05,0,0.3107214365021336,0
METEOSAT-2,1982-06-15,0,0.48050061439990904,0
METEOSAT-2,1982-07-02,0,0.4429674685293082,0
METEOSAT-2,1982-07-24,0,0.4223651324069797,0
METEOSAT-2,1982-08-10,0,0.4419335486147668,0
METEOSAT-2,1982-09-03,0,0.40107928861898906,0
METEOSAT-2,1982-09-22,1,0.4238873335046049,0
METEOSAT-2,1982-09-23,1,0.6898006054022702,0
METEOSAT-2,1982-09-25,1,0.6313361791481679,0
METEOSAT-2,1982-09-30,0,0.5493406271036619,0
METEOSAT-2,1982-10-20,0,0.40123062373005564,0
METEOSAT-2,1983-01-04,0,0.27831953671012666,0
METEOSAT-2,1983-02-06,0,0.33340404461210627,0
METEOSAT-2,1983-02-19,0,0.4050102711218048,0
METEOSAT-2,1983-03-08,1,0.40445823087625254,0
METEOSAT-2,1983-03-12,0,0.5456710166716012,0
METEOSAT-2,1983-03-20,0,0.49538231935219773,0
METEOSAT-2,1983-04-04,0,0.44897745916466375,0
METEOSAT-2,1983-04-30,0,0.4205289217194366,0
METEOSAT-2,1983-07-18,0,0.3308553480710499,0
METEOSAT-2,1983-08-23,1,0.3944741654547864,0
METEOSAT-2,1983-08-25,0,0.6584877589006766,0
METEOSAT-2,1983-09-17,0,0.41713869940880594,0
METEOSAT-2,1983-10-01,0,0.4482096471615973,0
METEOSAT-2,1983-10-27,0,0.4115062776016886,0
METEOSAT-2,1983-11-20,0,0.39249373352719397,0
METEOSAT-2,1984-01-06,0,0.3335466002959902,0
METEOSAT-2,1984-02-28,0,0.3479976495303746,0
METEOSAT-2,1984-03-22,0,0.41998861288063655,0
METEOSAT-2,1984-04-01,1,0.5118929005389756,0
METEOSAT-2,1984-04-03,1,0.6592815101518423,0
METEOSAT-2,1984-04-07,0,0.5999657916346982,0
METEOSAT-2,1984-04-20,0,0.47767309363403826,0
METEOSAT-2,1984-04-28,1,0.5204586443100372,0
METEOSAT-2,1984-05-02,0,0.6029528587042158,0
METEOSAT-2,1984-05-23,1,0.4638430383817816,0
METEOSAT-2,1984-05-28,0,0.5907663491889489,0
METEOSAT-2,1984-06-20,1,0.45173908068420454,0
METEOSAT-2,1984-06-24,0,0.6121803225152996,0
METEOSAT-2,1984-07-16,1,0.4617931152169288,0
METEOSAT-2,1984-07-17,0,0.7322264404681611,0
METEOSAT-2,1984-07-26,0,0.5460547494329713,0
METEOSAT-2,1984-08-03,0,0.5479784881702429,0
METEOSAT-2,1984-09-05,0,0.4176621770529123,0
METEOSAT-2,1984-09-24,1,0.4689467442317278,0
METEOSAT-2,1984-09-25,1,0.7267460953241112,0
METEOSAT-2,1984-09-27,1,0.672685439937311,0
METEOSAT-2,1984-09-30,1,0.6367663929014807,0
METEOSAT-2,1984-10-04,1,0.5949575456971443,0
METEOSAT-2,1984-10-08,0,0.5953178153815617,0
METEOSAT-2,1984-10-21,1,0.4919056139015575,0
METEOSAT-2,1984-10-22,1,0.7170556250148635,0
METEOSAT-2,1984-10-27,0,0.5839827207799583,0
METEOSAT-2,1984-11-13,1,0.4591831976170819,0
METEOSAT-2,1984-11-16,0,0.6195554762563985,0
METEOSAT-2,1984-12-20,0,0.3955163524303703,0
METEOSAT-2,1985-01-28,0,0.3731180300634022,0
METEOSAT-2,1985-02-08,0,0.4987982482177932,0
METEOSAT-2,1985-04-08,0,0.3731320249396609,0
METEOSAT-2,1985-04-24,1,0.4894978033394371,0
METEOSAT-2,1985-04-28,1,0.6177858815107167,0
METEOSAT-2,1985-04-29,1,0.7311508103269907,0
METEOSAT-2,1985-05-03,1,0.6324273192035104,0
METEOSAT-2,1985-05-10,0,0.5876929445008521,0
METEOSAT-2,1985-06-04,1,0.4805717722113585,0
METEOSAT-2,1985-06-08,0,0.6461957973030762,0
METEOSAT-2,1985-07-05,1,0.47271651669837483,0
METEOSAT-2,1985-07-07,1,0.7031592343960186,0
METEOSAT-2,1985-07-14,0,0.5978282944539558,0
METEOSAT-2,1985-07-27,0,0.5438027425837435,0
METEOSAT-2,1985-08-10,1,0.5259176045484064,0
METEOSAT-2,1985-08-14,1,0.6401500396773703,0
METEOSAT-2,1985-08-16,0,0.6977557851434063,0
METEOSAT-2,1985-08-31,1,0.5162851392092747,0
METEOSAT-2,1985-09-02,0,0.6841572294065331,0
METEOSAT-2,1985-09-15,1,0.5180551766964825,0
METEOSAT-2,1985-09-17,0,0.6842782308029323,0
METEOSAT-2,1986-08-10,0,0.2632924959923434,0
METEOSAT-2,1986-08-23,1,0.541997587607487,0
METEOSAT-2,1986-08-29,1,0.6113117757328391,0
METEOSAT-2,1986-09-01,0,0.6602022746062555,0
METEOSAT-2,1986-09-19,1,0.49778272346028274,0
METEOSAT-2,1986-09-24,1,0.6148939756524211,0
METEOSAT-2,1986-09-30,1,0.5997191623493677,0
METEOSAT-2,1986-10-04,0,0.6230502004873889,0
METEOSAT-2,1986-10-22,0,0.4964216685755488,0
NOAA-11,1988-09-27,0,0.056121286261702576,2
NOAA-11,1989-01-27,0,0.022692573968910158,2
NOAA-11,1989-03-07,1,0.03631180561228009,2
NOAA-11,1989-03-14,1,0.07047476960231792,2
NOAA-11,1989-03-16,0,0.11418675248426881,2
NOAA-11,1989-04-13,0,0.04503934374573652,2
NOAA-11,1989-06-13,0,0.04472686098631861,2
NOAA-11,1989-08-07,0,0.03692283267307158,2
NOAA-11,1989-09-05,0,0.051844650287379716,2
NOAA-11,1989-09-19,0,0.07552732621921242,2
NOAA-11,1989-09-27,1,0.0974327142402145,2
NOAA-11,1989-10-01,0,0.12065861579922581,2
NOAA-11,1990-01-15,0,0.03603534689778106,2
NOAA-11,1990-05-25,0,0.0320325668684745,2
NOAA-11,1990-07-19,1,0.05072157520062737,2
NOAA-11,1990-07-20,0,0.20922428638131507,2
NOAA-11,1990-07-28,1,0.10269049958736702,2
NOAA-11,1990-07-30,1,0.15904287362799216,2
NOAA-11,1990-07-31,1,0.19728188950417178,2
NOAA-11,1990-08-07,1,0.10258104918484744,2
NOAA-11,1990-08-10,1,0.14249533182727542,2
NOAA-11,1990-08-12,1,0.16871912243338635,2
NOAA-11,1990-08-13,1,0.21555231505627923,2
NOAA-11,1990-08-15,1,0.18288264199548818,2
NOAA-11,1990-08-19,1,0.15667757739463212,2
NOAA-11,1990-08-24,1,0.15044818554046235,2
NOAA-11,1990-08-27,0,0.18395497112672704,2
PIONEER-12,1978-06-22,0,0.4256643048936198,1
PIONEER-12,1978-07-05,0,0.4113985664227107,1
PIONEER-12,1978-07-18,0,0.44033393515454505,1
PIONEER-12,1978-08-02,0,0.40960905186716423,1
PIONEER-12,1978-08-25,0,0.3686934353423156,1
PIONEER-12,1978-09-11,1,0.42461794445930323,1
PIONEER-12,1978-09-13,1,0.653187433544371,1
PIONEER-12,1978-09-18,0,0.586327688407049,1
PIONEER-12,1978-09-26,1,0.5664611772391256,1
PIONEER-12,1978-09-30,0,0.6374413734519919,1
PIONEER-12,1978-10-09,0,0.5395578154983828,1
PIONEER-12,1978-10-17,0,0.5521235389608948,1
PIONEER-12,1978-11-26,1,0.33312550356297604,1
PIONEER-12,1978-11-28,0,0.6392794611808268,1
PIONEER-12,1979-01-10,1,0.3495376522467451,1
PIONEER-12,1979-01-13,0,0.6228028578266324,1
PIONEER-12,1979-02-06,0,0.4280745823505208,1
PIONEER-12,1979-03-03,0,0.4084947057766124,1
PIONEER-12,1979-03-14,0,0.49351221268442685,1
PIONEER-12,1979-04-01,0,0.4562546513690953,1
PIONEER-12,1979-04-15,1,0.47104582251312055,1
PIONEER-12,1979-04-20,0,0.576974072746212,1
PIONEER-12,1979-06-10,0,0.40653208868024576,1
PIONEER-12,1979-06-27,0,0.5194338099867927,1
PIONEER-12,1979-07-10,0,0.5405277327601543,1
PIONEER-12,1979-08-08,0,0.43703075313120504,1
PIONEER-12,1979-08-30,0,0.48153923898091233,1
PIONEER-12,1979-10-06,0,0.44506289201932925,1
PIONEER-12,1979-11-12,1,0.41809638740003624,1
PIONEER-12,1979-11-15,0,0.6709157027882161,1
PIONEER-12,1980-01-01,0,0.3642690729190316,1
PIONEER-12,1980-02-14,0,0.3640189819658406,1
PIONEER-12,1980-05-06,0,0.36096436247092395,1
PIONEER-12,1980-05-30,0,0.499244466158794,1
PIONEER-12,1980-09-27,0,0.3257001583687706,1
PIONEER-12,1981-04-21,1,0.27818900791638035,1
PIONEER-12,1981-04-24,0,0.690599500824118,1
PIONEER-12,1981-09-23,0,0.3169299596004491,1
PIONEER-12,1981-10-12,0,0.49787025970194304,1
PIONEER-12,1981-11-06,0,0.44948686729204407,1
PIONEER-12,1981-11-27,0,0.4596398507074851,1
PIONEER-12,1981-12-07,0,0.5255097094815273,1
PIONEER-12,1981-12-24,0,0.4992273220359888,1
PIONEER-12,1982-04-09,0,0.3210190762752103,1
PIONEER-12,1982-04-24,0,0.5035530241082393,1
PIONEER-12,1982-08-06,0,0.3604277496825018,1
PIONEER-12,1982-08-18,0,0.5447079887718149,1
PIONEER-12,1982-09-18,0,0.46768800087930174,1
PIONEER-12,1982-10-01,1,0.5406585503243267,1
PIONEER-12,1982-10-08,0,0.6114673899167675,1
PIONEER-12,1982-10-17,1,0.5765215591508355,1
PIONEER-12,1982-10-19,0,0.7154805552455102,1
PIONEER-12,1982-10-29,0,0.5557252041323434,1
PIONEER-12,1982-12-03,0,0.419830202385442,1
PIONEER-12,1982-12-23,0,0.49877921510580825,1
PIONEER-12,1983-02-16,0,0.344921687254834,1
PIONEER-12,1983-03-17,0,0.4349112256343535,1
PIONEER-12,1983-08-11,0,0.32178741487113793,1
PIONEER-12,1983-12-27,0,0.282859770929784,1
PIONEER-12,1984-01-29,1,0.4352402884138571,1
PIONEER-12,1984-02-02,0,0.6603517012971173,1
PIONEER-12,1984-03-18,0,0.41311294868736465,1
PIONEER-12,1984-03-29,0,0.5512639586694007,1
PIONEER-12,1984-05-19,0,0.4224815556934833,1
PIONEER-12,1984-08-09,0,0.3554621324627691,1
PIONEER-12,1984-08-23,0,0.5414536366116803,1
PIONEER-12,1984-09-11,0,0.5129482347150507,1
PIONEER-12,1984-10-28,1,0.4054076116476365,1
PIONEER-12,1984-11-02,0,0.6251830215799081,1
PIONEER-12,1984-11-26,1,0.4750411320920404,1
PIONEER-12,1984-11-30,0,0.6586788194274419,1
PIONEER-12,1985-02-09,0,0.35172999890330064,1
PIONEER-12,1985-03-09,0,0.4463518957786218,1
PIONEER-12,1985-04-14,1,0.4389000687353971,1
PIONEER-12,1985-04-21,0,0.6045644177287329,1
PIONEER-12,1985-05-20,0,0.48371794247196437,1
PIONEER-12,1985-06-17,0,0.49096897589721067,1
SATCOM-1R,1983-04-11,0,0.40443122572902945,1
SATCOM-1R,1983-07-06,0,0.23295022934053022,1
SATCOM-1R,1983-11-01,0,0.2000912783638817,1
SATCOM-1R,1984-07-01,0,0.17401095785738813,1
SATCOM-1R,1984-09-01,0,0.27605964641888403,1
SATCOM-1R,1984-10-16,0,0.29785152429361805,1
SATCOM-1R,1984-12-13,0,0.2801373176047436,1
SATCOM-1R,1985-03-01,0,0.25615063405528965,1
SATCOM-1R,1985-04-16,0,0.31786467017349324,1
SATCOM-1R,1985-05-05,0,0.4172041821771109,1
SATCOM-1R,1985-08-14,0,0.27383595558392193,1
SATCOM-I,1991-04-01,0,0.3337111517663612,4
SATCOM-I,1991-06-26,0,0.2108310214741709,4
SATCOM-I,1991-07-08,1,0.38808390903659473,4
SATCOM-I,1991-07-09,1,0.6379825195060772,4
SATCOM-I,1991-07-12,1,0.5446059013448818,4
SATCOM-I,1991-07-14,1,0.5899957199768704,4
SATCOM-I,1991-07-17,0,0.556005214261965,4
SATCOM-I,1991-08-03,1,0.3812337183358376,4
SATCOM-I,1991-08-05,0,0.5892043368032909,4
SATCOM-I,1991-08-22,0,0.3939699560842127,4
SATCOM-I,1991-09-14,0,0.370599517093682,4
SATCOM-I,1991-09-28,1,0.39353757264257966,4
SATCOM-I,1991-09-30,1,0.5844263622853997,4
SATCOM-I,1991-10-01,1,0.641649549812735,4
SATCOM-I,1991-10-02,1,0.6452170411316874,4
SATCOM-I,1991-10-04,0,0.5857377212352098,4
SATCOM-I,1991-10-25,1,0.373212328583724,4
SATCOM-I,1991-10-26,1,0.6634077376528601,4
SATCOM-I,1991-10-27,1,0.6669035276511395,4
SATCOM-I,1991-10-28,1,0.6698141591640282,4
SATCOM-I,1991-10-29,1,0.67302580953179,4
SBS1[F-3],1981-01-05,0,0.327234896616254,4
SBS1[F-3],1981-02-13,0,0.21927744053187737,4
SBS1[F-3],1981-06-11,0,0.1739919753584471,4
SBS1[F-3],1981-11-18,0,0.15983484506412576,4
SBS1[F-3],1982-04-13,0,0.18149320836752617,4
SBS1[F-3],1982-06-11,0,0.26556259154041784,4
SBS1[F-3],1982-06-27,0,0.3941770588315511,4
SBS1[F-3],1982-09-27,0,0.23919022244760216,4
SBS1[F-3],1982-11-26,0,0.25864260740702305,4
SBS1[F-3],1983-02-05,1,0.2359527813601517,4
SBS1[F-3],1983-02-06,0,0.6231758591668051,4
SBS1[F-3],1983-09-21,0,0.18836891478067766,4
SBS1[F-3],1983-11-06,0,0.2940230413487299,4
SBS1[F-3],1983-11-20,1,0.39766432686568826,4
SBS1[F-3],1983-11-21,1,0.6517414141786335,4
SBS1[F-3],1983-11-23,0,0.5918082103734035,4
SBS1[F-3],1983-12-07,1,0.39540768852482544,4
SBS1[F-3],1983-12-08,0,0.6485925529086681,4
SBS1[F-3],1983-12-17,0,0.44775147408927846,4
SBS1[F-3],1984-02-10,0,0.3156539118802028,4
SBS1[F-3],1984-03-20,0,0.33931204365757,4
SBS1[F-3],1984-04-22,0,0.3516690311542923,4
SBS1[F-3],1984-07-19,1,0.2909328518265199,4
SBS1[F-3],1984-07-20,0,0.7024964878443531,4
SBS1[F-3],1984-09-25,0,0.31198350219646925,4
SBS1[F-3],1984-10-24,0,0.37743112686183733,4
SBS1[F-3],1984-11-21,1,0.3768790454708519,4
SBS1[F-3],1984-11-25,0,0.5693273609858036,4
SBS1[F-3],1984-12-08,0,0.45132448439543826,4
SBS1[F-3],1984-12-18,1,0.4783452319042726,4
SBS1[F-3],1984-12-19,0,0.6927173912542887,4
SBS1[F-3],1985-01-14,0,0.3765594870829947,4
SBS1[F-3],1985-07-09,0,0.2585107680906299,4
SBS1[F-3],1985-10-02,1,0.2976503359092651,4
SBS1[F-3],1985-10-09,0,0.5301065262103671,4
SBS1[F-3],1985-11-14,0,0.3768895245454824,4
SBS1[F-3],1985-12-03,0,0.4230301058616838,4
SBS1[F-3],1986-01-31,0,0.3121032405917765,4
SBS1[F-3],1986-02-26,1,0.40027577371505785,4
SBS1[F-3],1986-03-01,0,0.6156133298062864,4
SBS1[F-3],1986-04-02,0,0.3929510776476872,4
SBS1[F-3],1986-06-14,0,0.3387704272161584,4
SBS1[F-3],1986-06-24,0,0.5218410643153143,4
SBS1[F-3],1986-08-09,0,0.3848811530421997,4
SBS1[F-3],1986-09-02,1,0.4357417484082527,4
SBS1[F-3],1986-09-03,0,0.7275104087822782,4
SBS1[F-3],1986-10-06,0,0.39808503207929974,4
SBS1[F-3],1986-11-01,0,0.42636742351044954,4
SBS1[F-3],1987-01-03,0,0.3176061428961159,4
SBS1[F-3],1987-02-24,0,0.341216188635301,4
SBS1[F-3],1987-05-02,0,0.3625244805856376,4
SBS1[F-3],1987-05-14,1,0.511569316372819,4
SBS1[F-3],1987-05-15,0,0.7341350827509858,4
SBS1[F-3],1987-09-21,1,0.29355069835861003,4
SBS1[F-3],1987-09-24,0,0.6422690552703764,4
SBS1[F-3],1987-10-31,1,0.40822234585758865,4
SBS1[F-3],1987-11-01,0,0.729734991204694,4
SBS1[F-3],1987-11-15,0,0.48115355836525336,4
SBS1[F-3],1987-11-27,0,0.49255554861985684,4
SBS1[F-3],1987-12-18,0,0.4255074155582459,4
SBS1[F-3],1988-01-13,1,0.41222577313769176,4
SBS1[F-3],1988-01-14,1,0.7148337505282583,4
SBS1[F-3],1988-01-20,0,0.5643775149716316,4
SBS1[F-3],1988-02-05,1,0.47847959245585175,4
SBS1[F-3],1988-02-06,0,0.7297092430100733,4
SBS2[F-1],1981-10-01,0,0.38025330015751097,0
SBS2[F-1],1983-12-24,0,0.09492874864538542,0
SBS2[F-1],1984-02-25,0,0.2476573105020409,0
SBS2[F-1],1984-10-06,0,0.17117460232865378,0
SBS2[F-1],1984-11-17,0,0.2824087499513361,0
SBS2[F-1],1984-12-19,1,0.3093355833638549,0
SBS2[F-1],1984-12-20,0,0.6258242107890578,0
SBS2[F-1],1985-01-05,1,0.36647838928012094,0
SBS2[F-1],1985-01-10,1,0.47455538788866325,0
SBS2[F-1],1985-01-12,0,0.5630406532086409,0
SBS2[F-1],1985-01-22,0,0.42099105607111525,0
SBS2[F-1],1985-11-21,0,0.18358848557252036,0
SBS2[F-1],1985-12-04,0,0.41206633184967767,0
SBS2[F-1],1986-01-02,0,0.3380566740235826,0
SBS2[F-1],1986-01-31,0,0.3359383715181835,0
SBS2[F-1],1986-03-01,0,0.36794687896062483,0
SBS2[F-1],1986-07-08,0,0.27525774960343624,0
SBS2[F-1],1986-08-07,0,0.4013666993636765,0
SBS2[F-1],1986-08-25,0,0.44607631779312146,0
SBS2[F-1],1986-09-06,0,0.47216364706834124,0
SBS2[F-1],1986-12-28,0,0.2434995264061479,0
SBS2[F-1],1987-10-28,0,0.21345192301509935,0
SBS2[F-1],1987-12-19,1,0.30142130750468016,0
SBS2[F-1],1987-12-25,0,0.4901905158407414,0
SBS2[F-1],1988-01-18,0,0.38510832239043,0
SBS3[F-2],1982-11-16,0,0.3034544587198396,3
SBS3[F-2],1983-03-22,0,0.17972717405729538,3
SBS3[F-2],1983-05-03,0,0.25457570939239044,3
SBS3[F-2],1983-06-01,0,0.2810711190710605,3
SBS3[F-2],1983-07-30,0,0.2377385228998081,3
SBS3[F-2],1983-09-16,0,0.2617858459416731,3
SBS3[F-2],1983-10-08,1,0.3227356630440837,3
SBS3[F-2],1983-10-11,1,0.48234821425467533,3
SBS3[F-2],1983-10-13,1,0.521515488504765,3
SBS3[F-2],1983-10-18,0,0.4549070556100623,3
SBS3[F-2],1983-12-03,0,0.2975377847049393,3
SBS3[F-2],1983-12-24,1,0.35851696779057673,3
SBS3[F-2],1983-12-27,0,0.514803499763307,3
SBS3[F-2],1984-05-09,0,0.2241539681235373,3
SBS3[F-2],1984-06-07,1,0.3250426820836335,3
SBS3[F-2],1984-06-08,0,0.5870859225417533,3
SBS3[F-2],1984-07-21,0,0.30803478482150926,3
SBS3[F-2],1984-08-03,1,0.4004998761609083,3
SBS3[F-2],1984-08-07,0,0.49529708312656173,3
SBS3[F-2],1984-11-06,0,0.2878653394187275,3
SBS3[F-2],1984-12-16,0,0.34937345361744776,3
SBS3[F-2],1985-07-27,0,0.22814574436942914,3
SBS3[F-2],1985-08-23,0,0.36958300973932645,3
SBS3[F-2],1985-10-15,0,0.3328642700079606,3
SBS3[F-2],1985-11-15,0,0.37916380670614985,3
SBS3[F-2],1985-11-26,0,0.4560379379330975,3
SBS3[F-2],1986-02-14,0,0.3053568257282251,3
SBS3[F-2],1986-08-28,1,0.24991969384832752,3
SBS3[F-2],1986-09-01,0,0.5385081011146055,3
SBS3[F-2],1986-10-30,0,0.3398627676513975,3
SBS3[F-2],1987-12-31,0,0.1989185590404704,3
SBS4[F-4],1984-09-20,0,0.3308127548926933,3
SBS4[F-4],1986-03-10,0,0.13247330017867293,3
SBS4[F-4],1986-04-20,0,0.265015734028454,3
SBS4[F-4],1986-05-16,1,0.3079571173454471,3
SBS4[F-4],1986-05-17,1,0.5661478647270348,3
SBS4[F-4],1986-05-18,0,0.5735336384394841,3
SBS4[F-4],1986-07-01,0,0.29202052214051644,3
SBS4[F-4],1986-09-04,0,0.27844660728560927,3
SBS4[F-4],1986-09-19,0,0.3851174003314115,3
SBS4[F-4],1986-10-14,0,0.35640119591901087,3
SBS4[F-4],1987-02-03,0,0.25346934920013287,3
SBS4[F-4],1987-09-17,0,0.2102898149734837,3
SCATHA,1979-03-28,0,0.3111058825090808,2
SCATHA,1979-04-14,1,0.26623140595927725,2
SCATHA,1979-04-18,0,0.41084535858091786,2
SCATHA,1979-04-30,0,0.3141181638807501,2
SCATHA,1979-05-26,0,0.3098912535697864,2
SCATHA,1979-08-09,0,0.204159672378718,2
SCATHA,1979-09-18,0,0.2894161902592949,2
SCATHA,1980-01-24,0,0.1828217736328495,2
SCATHA,1980-03-26,1,0.2197806405090046,2
SCATHA,1980-03-28,0,0.5305918621127408,2
SCATHA,1980-04-16,0,0.40236985954214705,2
SCATHA,1980-06-12,1,0.2858559723714565,2
SCATHA,1980-06-13,1,0.666825481354871,2
SCATHA,1980-06-14,1,0.6670108377787941,2
SCATHA,1980-06-18,1,0.5241231526333295,2
SCATHA,1980-06-19,1,0.654839404600136,2
SCATHA,1980-06-20,0,0.6538120212000228,2
SCATHA,1980-10-18,0,0.25071635670915543,2
SCATHA,1981-03-09,0,0.22202841424870334,2
SCATHA,1981-03-21,0,0.43410417926104694,2
SCATHA,1981-03-30,1,0.4563832110949525,2
SCATHA,1981-03-31,1,0.6664116171278663,2
SCATHA,1981-04-01,0,0.6705190531825523,2
SCATHA,1981-04-23,0,0.41347925630577365,2
SCATHA,1981-07-28,0,0.28499318279221086,2
SCATHA,1981-10-08,0,0.27473207579954534,2
SCATHA,1981-12-11,0,0.27358162437408684,2
SCATHA,1982-04-08,0,0.2421730244903048,2
SCATHA,1982-06-12,1,0.2916128032910245,2
SCATHA,1982-06-15,0,0.58932368357362,2
SCATHA,1982-07-16,1,0.36166260225546587,2
SCATHA,1982-07-20,0,0.5739741917638771,2
SCATHA,1982-09-06,1,0.3257207623496969,2
SCATHA,1982-09-07,0,0.6895252380353849,2
SCATHA,1982-09-22,1,0.43607654916406163,2
SCATHA,1982-09-23,1,0.691936560356725,2
SCATHA,1982-09-24,1,0.6910677300569821,2
SCATHA,1982-09-25,1,0.6902583780064914,2
SCATHA,1982-09-26,0,0.6896060705353094,2
SCATHA,1982-11-22,0,0.305222435303639,2
SCATHA,1983-02-07,0,0.26593768538002666,2
SCATHA,1983-03-12,1,0.34187848968142015,2
SCATHA,1983-03-15,0,0.5782830890929016,2
SCATHA,1983-03-23,1,0.5043126376064804,2
SCATHA,1983-03-28,1,0.5456162332109347,2
SCATHA,1983-03-30,1,0.6319551570214554,2
SCATHA,1983-03-31,1,0.6922285095092073,2
SCATHA,1983-04-01,1,0.6927387055132916,2
SCATHA,1983-04-02,1,0.6930988516404702,2
SCATHA,1983-04-03,0,0.6934751644769708,2
SCATHA,1983-05-01,0,0.4160600201123279,2
SCATHA,1983-05-10,1,0.5353039553806838,2
SCATHA,1983-05-15,0,0.601547797735145,2
SCATHA,1983-07-19,0,0.3089645161234608,2
SCATHA,1983-09-19,1,0.29353235187957133,2
SCATHA,1983-09-21,1,0.6175855201966544,2
SCATHA,1983-09-23,1,0.6183019987430142,2
SCATHA,1983-09-26,1,0.5803741590214787,2
SCATHA,1983-09-27,1,0.6823362056002025,2
SCATHA,1983-09-28,1,0.6834849861615828,2
SCATHA,1983-09-29,1,0.683844855414652,2
SCATHA,1983-09-30,1,0.6838617332936727,2
SCATHA,1983-10-04,0,0.552181495483056,2
SCATHA,1983-11-27,0,0.31518141394412735,2
SCATHA,1983-12-10,0,0.43546189956716264,2
SCATHA,1984-03-03,0,0.3312060288872583,2
SCATHA,1984-04-04,1,0.40114096341000666,2
SCATHA,1984-04-07,1,0.630749943808976,2
SCATHA,1984-04-08,0,0.7239998878330187,2
SCATHA,1984-04-26,0,0.427374747521426,2
SCATHA,1984-05-12,1,0.46157167059395127,2
SCATHA,1984-05-18,1,0.5681248431889547,2
SCATHA,1984-05-23,1,0.5840873091652252,2
SCATHA,1984-05-27,1,0.5968930266308161,2
SCATHA,1984-05-28,0,0.7177001408848963,2
SCATHA,1984-07-15,1,0.3410430283280427,2
SCATHA,1984-07-16,1,0.705155955887734,2
SCATHA,1984-07-17,1,0.7056709378163587,2
SCATHA,1984-07-18,1,0.7068375375256847,2
SCATHA,1984-07-19,1,0.7075777933228579,2
SCATHA,1984-07-20,1,0.7077372878784661,2
SCATHA,1984-07-22,1,0.6479195372956148,2
SCATHA,1984-07-23,0,0.7075605515926282,2
SCATHA,1984-08-31,1,0.3622960519461719,2
SCATHA,1984-09-01,1,0.7061206137843667,2
SCATHA,1984-09-06,1,0.5675543666320205,2
SCATHA,1984-09-07,1,0.71301795303091,2
SCATHA,1984-09-08,1,0.7134395581878236,2
SCATHA,1984-09-09,1,0.7138026589197799,2
SCATHA,1984-09-14,1,0.5696050232749924,2
SCATHA,1984-09-16,1,0.6563471435267944,2
SCATHA,1984-09-21,1,0.5701614209918828,2
SCATHA,1984-09-22,1,0.7139259675257482,2
SCATHA,1984-09-23,1,0.713909104350099,2
SCATHA,1984-09-24,1,0.713953980933348,2
SCATHA,1984-09-25,1,0.7139447150897617,2
SCATHA,1984-09-26,0,0.71406876858118,2
SCATHA,1984-10-21,1,0.4078303551060623,2
SCATHA,1984-10-22,1,0.7109808718166134,2
SCATHA,1984-10-23,0,0.7120044464895179,2
SCATHA,1984-11-01,0,0.5139516975005336,2
SCATHA,1984-11-18,1,0.45407911925076244,2
SCATHA,1984-11-19,1,0.7184236841734465,2
SCATHA,1984-11-20,1,0.7197345145727722,2
SCATHA,1984-11-21,0,0.7213859155081153,2
SCATHA,1985-02-04,0,0.3266988724334671,2
SCATHA,1985-02-18,1,0.4800958492171612,2
SCATHA,1985-02-20,1,0.664554837613258,2
SCATHA,1985-02-27,0,0.5507373082945802,2
SCATHA,1985-06-11,0,0.3090434431872153,2
SCATHA,1985-07-09,1,0.4200450345062509,2
SCATHA,1985-07-12,0,0.6379939017118333,2
SCATHA,1985-11-30,0,0.27579856992359053,2
SCATHA,1986-02-24,1,0.32688596493801725,2
SCATHA,1986-03-03,0,0.5666994701472644,2
SCATHA,1986-03-12,1,0.5374515400031962,2
SCATHA,1986-03-13,0,0.7343783415828097,2
SCATHA,1986-03-27,0,0.4927333353517111,2
SCATHA,1986-04-14,1,0.4587817711962001,2
SCATHA,1986-04-15,0,0.7271507537839081,2
SCATHA,1986-05-13,0,0.4315307455511241,2
SCATHA,1986-08-26,1,0.30082031184518215,2
SCATHA,1986-08-27,1,0.7293955348173999,2
SCATHA,1986-08-28,1,0.7295958135357901,2
SCATHA,1986-09-02,1,0.5852009065168663,2
SCATHA,1986-09-03,0,0.727118647156142,2
SCATHA,1986-10-29,0,0.3835593230621841,2
SCATHA,1987-03-30,0,0.28214379451952676,2
SCATHA,1987-06-07,1,0.34413478466351594,2
SCATHA,1987-06-08,0,0.7354617812840128,2
SCATHA,1987-07-18,1,0.38842351856261337,2
SCATHA,1987-07-19,0,0.7308889076044899,2
SCATHA,1987-09-03,1,0.3862388033111103,2
SCATHA,1987-09-06,1,0.6473317485015694,2
SCATHA,1987-09-12,1,0.5823675830294257,2
SCATHA,1987-09-13,1,0.7382813881020777,2
SCATHA,1987-09-14,1,0.7378450987949268,2
SCATHA,1987-09-17,1,0.6433654979399132,2
SCATHA,1987-09-18,1,0.7356725802105053,2
SCATHA,1987-09-20,0,0.6788205354573925,2
SCATHA,1987-10-29,0,0.4218262410096159,2
SCATHA,1987-11-28,1,0.414462684615551,2
SCATHA,1987-11-30,0,0.6710629771775934,2
SCATHA,1987-12-21,0,0.43097094307566364,2
SCATHA,1988-01-15,0,0.4452026496115797,2
SCATHA,1988-02-25,0,0.39375601443512326,2
SCATHA,1988-03-07,0,0.5195689819166864,2
TDRS-1,1983-04-05,0,0.3087210321926375,3
TDRS-1,1983-11-01,0,0.1644923808008147,3
TDRS-1,1986-11-02,1,0.12091763049515689,3
TDRS-1,1986-11-03,0,0.5732518934549101,3
TDRS-1,1987-03-11,0,0.22036559408533335,3
TDRS-1,1987-06-17,0,0.22935305302081635,3
TDRS-1,1987-08-11,0,0.2852829550582045,3
TDRS-1,1987-08-25,1,0.3809480805736941,3
TDRS-1,1987-09-01,0,0.4379963928175941,3
TDRS-1,1987-09-14,1,0.3914745693744196,3
TDRS-1,1987-09-15,0,0.5967513685479293,3
TDRS-1,1987-10-08,1,0.35066258400915196,3
TDRS-1,1987-10-10,1,0.5443590856698602,3
TDRS-1,1987-10-14,1,0.49606040854809225,3
TDRS-1,1987-10-16,1,0.5555598526375166,3
TDRS-1,1987-10-22,1,0.47410805272043727,3
TDRS-1,1987-10-26,1,0.5097165100658734,3
TDRS-1,1987-11-01,0,0.48142066299450714,3
TDRS-1,1987-11-14,0,0.41759128220606606,3
TDRS-1,1988-01-28,0,0.2953734107452213,3
TDRS-1,1988-06-17,0,0.23573024153001942,3
TOPEX,1992-08-12,1,0.014551618358845827,0
TOPEX,1992-08-15,1,0.021995611971602935,0
TOPEX,1992-08-18,1,0.023623838815019157,0
TOPEX,1992-08-22,1,0.022313474760314703,0
TOPEX,1992-08-23,1,0.03821854674413538,0
TOPEX,1992-08-25,1,0.030665729184436673,0
TOPEX,1992-08-26,1,0.04036702344885007,0
TOPEX,1992-08-27,1,0.04121456376508614,0
TOPEX,1992-08-28,1,0.04189952709866833,0
TOPEX,1992-08-29,1,0.042421779751221016,0
TOPEX,1992-08-31,1,0.033152986528392235,0
TOPEX,1992-09-03,1,0.027427491133922427,0
TOPEX,1992-09-04,1,0.04111019370582787,0
TOPEX,1992-09-05,1,0.04140841681944571,0
TOPEX,1992-09-07,1,0.03251794697036082,0
TOPEX,1992-09-08,1,0.04214215286226021,0
TOPEX,1992-09-09,1,0.04253826628056509,0
TOPEX,1992-09-10,1,0.04279245026529725,0
TOPEX,1992-09-11,1,0.043100480715908995,0
TOPEX,1992-09-12,1,0.04330683211557541,0
TOPEX,1992-09-14,1,0.03397055616422857,0
TOPEX,1992-09-15,1,0.04391127759116518,0
